window_id,interim_path,start_sample,end_sample,label,label_name,dataset,source_clip_id,rms,split
0,data/interim/drone/saraalemadi/B_S2_D1_067-bebop.wav,0,16000,1,drone,saraalemadi,drone/saraalemadi/B_S2_D1_067-bebop,,train
1,data/interim/drone/saraalemadi/B_S2_D1_067-bebop.wav,8000,24000,1,drone,saraalemadi,drone/saraalemadi/B_S2_D1_067-bebop,,train
2,data/interim/drone/saraalemadi/B_S2_D1_067-bebop.wav,16000,32000,1,drone,saraalemadi,drone/saraalemadi/B_S2_D1_067-bebop,,train
3,data/interim/drone/saraalemadi/B_S2_D1_067-bebop.wav,24000,40000,1,drone,saraalemadi,drone/saraalemadi/B_S2_D1_067-bebop,,train
4,data/interim/drone/saraalemadi/B_S2_D1_067-bebop.wav,32000,48000,1,drone,saraalemadi,drone/saraalemadi/B_S2_D1_067-bebop,,train
5,data/interim/drone/saraalemadi/B_S2_D1_067-bebop.wav,40000,56000,1,drone,saraalemadi,drone/saraalemadi/B_S2_D1_067-bebop,,train
6,data/interim/drone/saraalemadi/B_S2_D1_067-bebop.wav,48000,64000,1,drone,saraalemadi,drone/saraalemadi/B_S2_D1_067-bebop,,train
7,data/interim/drone/saraalemadi/B_S2_D1_067-bebop.wav,56000,72000,1,drone,saraalemadi,drone/saraalemadi/B_S2_D1_067-bebop,,train
8,data/interim/drone/saraalemadi/B_S2_D1_067-bebop.wav,64000,79872,1,drone,saraalemadi,drone/saraalemadi/B_S2_D1_067-bebop,,train
9,data/interim/drone/saraalemadi/B_S2_D1_069-bebop.wav,0,16000,1,drone,saraalemadi,drone/saraalemadi/B_S2_D1_069-bebop,,train
10,data/interim/drone/saraalemadi/B_S2_D1_069-bebop.wav,8000,24000,1,drone,saraalemadi,drone/saraalemadi/B_S2_D1_069-bebop,,train
11,data/interim/drone/saraalemadi/B_S2_D1_069-bebop.wav,16000,32000,1,drone,saraalemadi,drone/saraalemadi/B_S2_D1_069-bebop,,train
12,data/interim/drone/saraalemadi/B_S2_D1_069-bebop.wav,24000,40000,1,drone,saraalemadi,drone/saraalemadi/B_S2_D1_069-bebop,,train
13,data/interim/drone/saraalemadi/B_S2_D1_069-bebop.wav,32000,48000,1,drone,saraalemadi,drone/saraalemadi/B_S2_D1_069-bebop,,train
14,data/interim/drone/saraalemadi/B_S2_D1_069-bebop.wav,40000,56000,1,drone,saraalemadi,drone/saraalemadi/B_S2_D1_069-bebop,,train
15,data/interim/drone/saraalemadi/B_S2_D1_069-bebop.wav,48000,64000,1,drone,saraalemadi,drone/saraalemadi/B_S2_D1_069-bebop,,train
16,data/interim/drone/saraalemadi/B_S2_D1_069-bebop.wav,56000,72000,1,drone,saraalemadi,drone/saraalemadi/B_S2_D1_069-bebop,,train
17,data/interim/drone/saraalemadi/B_S2_D1_069-bebop.wav,64000,79872,1,drone,saraalemadi,drone/saraalemadi/B_S2_D1_069-bebop,,train
27,data/interim/drone/saraalemadi/B_S2_D1_071-bebop.wav,0,16000,1,drone,saraalemadi,drone/saraalemadi/B_S2_D1_071-bebop,,train
28,data/interim/drone/saraalemadi/B_S2_D1_071-bebop.wav,8000,24000,1,drone,saraalemadi,drone/saraalemadi/B_S2_D1_071-bebop,,train
29,data/interim/drone/saraalemadi/B_S2_D1_071-bebop.wav,16000,32000,1,drone,saraalemadi,drone/saraalemadi/B_S2_D1_071-bebop,,train
30,data/interim/drone/saraalemadi/B_S2_D1_071-bebop.wav,24000,40000,1,drone,saraalemadi,drone/saraalemadi/B_S2_D1_071-bebop,,train
31,data/interim/drone/saraalemadi/B_S2_D1_071-bebop.wav,32000,48000,1,drone,saraalemadi,drone/saraalemadi/B_S2_D1_071-bebop,,train
32,data/interim/drone/saraalemadi/B_S2_D1_071-bebop.wav,40000,56000,1,drone,saraalemadi,drone/saraalemadi/B_S2_D1_071-bebop,,train
33,data/interim/drone/saraalemadi/B_S2_D1_071-bebop.wav,48000,64000,1,drone,saraalemadi,drone/saraalemadi/B_S2_D1_071-bebop,,train
34,data/interim/drone/saraalemadi/B_S2_D1_071-bebop.wav,56000,72000,1,drone,saraalemadi,drone/saraalemadi/B_S2_D1_071-bebop,,train
35,data/interim/drone/saraalemadi/B_S2_D1_071-bebop.wav,64000,79872,1,drone,saraalemadi,drone/saraalemadi/B_S2_D1_071-bebop,,train
36,data/interim/drone/saraalemadi/B_S2_D1_079-bebop.wav,0,16000,1,drone,saraalemadi,drone/saraalemadi/B_S2_D1_079-bebop,,train
37,data/interim/drone/saraalemadi/B_S2_D1_079-bebop.wav,8000,24000,1,drone,saraalemadi,drone/saraalemadi/B_S2_D1_079-bebop,,train
38,data/interim/drone/saraalemadi/B_S2_D1_079-bebop.wav,16000,32000,1,drone,saraalemadi,drone/saraalemadi/B_S2_D1_079-bebop,,train
39,data/interim/drone/saraalemadi/B_S2_D1_079-bebop.wav,24000,40000,1,drone,saraalemadi,drone/saraalemadi/B_S2_D1_079-bebop,,train
40,data/interim/drone/saraalemadi/B_S2_D1_079-bebop.wav,32000,48000,1,drone,saraalemadi,drone/saraalemadi/B_S2_D1_079-bebop,,train
41,data/interim/drone/saraalemadi/B_S2_D1_079-bebop.wav,40000,56000,1,drone,saraalemadi,drone/saraalemadi/B_S2_D1_079-bebop,,train
42,data/interim/drone/saraalemadi/B_S2_D1_079-bebop.wav,48000,64000,1,drone,saraalemadi,drone/saraalemadi/B_S2_D1_079-bebop,,train
43,data/interim/drone/saraalemadi/B_S2_D1_079-bebop.wav,56000,72000,1,drone,saraalemadi,drone/saraalemadi/B_S2_D1_079-bebop,,train
44,data/interim/drone/saraalemadi/B_S2_D1_079-bebop.wav,64000,79872,1,drone,saraalemadi,drone/saraalemadi/B_S2_D1_079-bebop,,train
45,data/interim/drone/saraalemadi/B_S2_D1_080-bebop.wav,0,16000,1,drone,saraalemadi,drone/saraalemadi/B_S2_D1_080-bebop,,train
46,data/interim/drone/saraalemadi/B_S2_D1_080-bebop.wav,8000,24000,1,drone,saraalemadi,drone/saraalemadi/B_S2_D1_080-bebop,,train
47,data/interim/drone/saraalemadi/B_S2_D1_080-bebop.wav,16000,32000,1,drone,saraalemadi,drone/saraalemadi/B_S2_D1_080-bebop,,train
48,data/interim/drone/saraalemadi/B_S2_D1_080-bebop.wav,24000,40000,1,drone,saraalemadi,drone/saraalemadi/B_S2_D1_080-bebop,,train
49,data/interim/drone/saraalemadi/B_S2_D1_080-bebop.wav,32000,48000,1,drone,saraalemadi,drone/saraalemadi/B_S2_D1_080-bebop,,train
50,data/interim/drone/saraalemadi/B_S2_D1_080-bebop.wav,40000,56000,1,drone,saraalemadi,drone/saraalemadi/B_S2_D1_080-bebop,,train
51,data/interim/drone/saraalemadi/B_S2_D1_080-bebop.wav,48000,64000,1,drone,saraalemadi,drone/saraalemadi/B_S2_D1_080-bebop,,train
52,data/interim/drone/saraalemadi/B_S2_D1_080-bebop.wav,56000,72000,1,drone,saraalemadi,drone/saraalemadi/B_S2_D1_080-bebop,,train
53,data/interim/drone/saraalemadi/B_S2_D1_080-bebop.wav,64000,80000,1,drone,saraalemadi,drone/saraalemadi/B_S2_D1_080-bebop,,train
54,data/interim/drone/saraalemadi/B_S2_D1_080-bebop.wav,72000,81920,1,drone,saraalemadi,drone/saraalemadi/B_S2_D1_080-bebop,,train
73,data/interim/drone/saraalemadi/B_S2_D1_092-bebop.wav,0,16000,1,drone,saraalemadi,drone/saraalemadi/B_S2_D1_092-bebop,,train
74,data/interim/drone/saraalemadi/B_S2_D1_092-bebop.wav,8000,24000,1,drone,saraalemadi,drone/saraalemadi/B_S2_D1_092-bebop,,train
75,data/interim/drone/saraalemadi/B_S2_D1_092-bebop.wav,16000,32000,1,drone,saraalemadi,drone/saraalemadi/B_S2_D1_092-bebop,,train
76,data/interim/drone/saraalemadi/B_S2_D1_092-bebop.wav,24000,40000,1,drone,saraalemadi,drone/saraalemadi/B_S2_D1_092-bebop,,train
77,data/interim/drone/saraalemadi/B_S2_D1_092-bebop.wav,32000,48000,1,drone,saraalemadi,drone/saraalemadi/B_S2_D1_092-bebop,,train
78,data/interim/drone/saraalemadi/B_S2_D1_092-bebop.wav,40000,56000,1,drone,saraalemadi,drone/saraalemadi/B_S2_D1_092-bebop,,train
79,data/interim/drone/saraalemadi/B_S2_D1_092-bebop.wav,48000,64000,1,drone,saraalemadi,drone/saraalemadi/B_S2_D1_092-bebop,,train
80,data/interim/drone/saraalemadi/B_S2_D1_092-bebop.wav,56000,72000,1,drone,saraalemadi,drone/saraalemadi/B_S2_D1_092-bebop,,train
81,data/interim/drone/saraalemadi/B_S2_D1_092-bebop.wav,64000,79872,1,drone,saraalemadi,drone/saraalemadi/B_S2_D1_092-bebop,,train
91,data/interim/drone/saraalemadi/B_S2_D1_100-bebop.wav,0,16000,1,drone,saraalemadi,drone/saraalemadi/B_S2_D1_100-bebop,,train
92,data/interim/drone/saraalemadi/B_S2_D1_100-bebop.wav,8000,24000,1,drone,saraalemadi,drone/saraalemadi/B_S2_D1_100-bebop,,train
93,data/interim/drone/saraalemadi/B_S2_D1_100-bebop.wav,16000,32000,1,drone,saraalemadi,drone/saraalemadi/B_S2_D1_100-bebop,,train
94,data/interim/drone/saraalemadi/B_S2_D1_100-bebop.wav,24000,40000,1,drone,saraalemadi,drone/saraalemadi/B_S2_D1_100-bebop,,train
95,data/interim/drone/saraalemadi/B_S2_D1_100-bebop.wav,32000,48000,1,drone,saraalemadi,drone/saraalemadi/B_S2_D1_100-bebop,,train
96,data/interim/drone/saraalemadi/B_S2_D1_100-bebop.wav,40000,56000,1,drone,saraalemadi,drone/saraalemadi/B_S2_D1_100-bebop,,train
97,data/interim/drone/saraalemadi/B_S2_D1_100-bebop.wav,48000,64000,1,drone,saraalemadi,drone/saraalemadi/B_S2_D1_100-bebop,,train
98,data/interim/drone/saraalemadi/B_S2_D1_100-bebop.wav,56000,72000,1,drone,saraalemadi,drone/saraalemadi/B_S2_D1_100-bebop,,train
99,data/interim/drone/saraalemadi/B_S2_D1_100-bebop.wav,64000,79872,1,drone,saraalemadi,drone/saraalemadi/B_S2_D1_100-bebop,,train
100,data/interim/drone/saraalemadi/B_S2_D1_117-bebop.wav,0,16000,1,drone,saraalemadi,drone/saraalemadi/B_S2_D1_117-bebop,,train
101,data/interim/drone/saraalemadi/B_S2_D1_117-bebop.wav,8000,24000,1,drone,saraalemadi,drone/saraalemadi/B_S2_D1_117-bebop,,train
102,data/interim/drone/saraalemadi/B_S2_D1_117-bebop.wav,16000,32000,1,drone,saraalemadi,drone/saraalemadi/B_S2_D1_117-bebop,,train
103,data/interim/drone/saraalemadi/B_S2_D1_117-bebop.wav,24000,40000,1,drone,saraalemadi,drone/saraalemadi/B_S2_D1_117-bebop,,train
104,data/interim/drone/saraalemadi/B_S2_D1_117-bebop.wav,32000,48000,1,drone,saraalemadi,drone/saraalemadi/B_S2_D1_117-bebop,,train
105,data/interim/drone/saraalemadi/B_S2_D1_117-bebop.wav,40000,56000,1,drone,saraalemadi,drone/saraalemadi/B_S2_D1_117-bebop,,train
106,data/interim/drone/saraalemadi/B_S2_D1_117-bebop.wav,48000,64000,1,drone,saraalemadi,drone/saraalemadi/B_S2_D1_117-bebop,,train
107,data/interim/drone/saraalemadi/B_S2_D1_117-bebop.wav,56000,72000,1,drone,saraalemadi,drone/saraalemadi/B_S2_D1_117-bebop,,train
108,data/interim/drone/saraalemadi/B_S2_D1_117-bebop.wav,64000,79872,1,drone,saraalemadi,drone/saraalemadi/B_S2_D1_117-bebop,,train
127,data/interim/drone/saraalemadi/B_S2_D1_133-bebop.wav,0,12352,1,drone,saraalemadi,drone/saraalemadi/B_S2_D1_133-bebop,,train
128,data/interim/drone/saraalemadi/Membo_0_003-membo.wav,0,16000,1,drone,saraalemadi,drone/saraalemadi/Membo_0_003-membo,,train
129,data/interim/drone/saraalemadi/Membo_0_003-membo.wav,8000,24000,1,drone,saraalemadi,drone/saraalemadi/Membo_0_003-membo,,train
130,data/interim/drone/saraalemadi/Membo_0_003-membo.wav,16000,32000,1,drone,saraalemadi,drone/saraalemadi/Membo_0_003-membo,,train
131,data/interim/drone/saraalemadi/Membo_0_003-membo.wav,24000,40000,1,drone,saraalemadi,drone/saraalemadi/Membo_0_003-membo,,train
132,data/interim/drone/saraalemadi/Membo_0_003-membo.wav,32000,48000,1,drone,saraalemadi,drone/saraalemadi/Membo_0_003-membo,,train
133,data/interim/drone/saraalemadi/Membo_0_003-membo.wav,40000,56000,1,drone,saraalemadi,drone/saraalemadi/Membo_0_003-membo,,train
134,data/interim/drone/saraalemadi/Membo_0_003-membo.wav,48000,64000,1,drone,saraalemadi,drone/saraalemadi/Membo_0_003-membo,,train
135,data/interim/drone/saraalemadi/Membo_0_003-membo.wav,56000,72000,1,drone,saraalemadi,drone/saraalemadi/Membo_0_003-membo,,train
136,data/interim/drone/saraalemadi/Membo_0_003-membo.wav,64000,79872,1,drone,saraalemadi,drone/saraalemadi/Membo_0_003-membo,,train
146,data/interim/drone/saraalemadi/Membo_0_010-membo.wav,0,16000,1,drone,saraalemadi,drone/saraalemadi/Membo_0_010-membo,,train
147,data/interim/drone/saraalemadi/Membo_0_010-membo.wav,8000,24000,1,drone,saraalemadi,drone/saraalemadi/Membo_0_010-membo,,train
148,data/interim/drone/saraalemadi/Membo_0_010-membo.wav,16000,32000,1,drone,saraalemadi,drone/saraalemadi/Membo_0_010-membo,,train
149,data/interim/drone/saraalemadi/Membo_0_010-membo.wav,24000,40000,1,drone,saraalemadi,drone/saraalemadi/Membo_0_010-membo,,train
150,data/interim/drone/saraalemadi/Membo_0_010-membo.wav,32000,48000,1,drone,saraalemadi,drone/saraalemadi/Membo_0_010-membo,,train
151,data/interim/drone/saraalemadi/Membo_0_010-membo.wav,40000,56000,1,drone,saraalemadi,drone/saraalemadi/Membo_0_010-membo,,train
152,data/interim/drone/saraalemadi/Membo_0_010-membo.wav,48000,64000,1,drone,saraalemadi,drone/saraalemadi/Membo_0_010-membo,,train
153,data/interim/drone/saraalemadi/Membo_0_010-membo.wav,56000,72000,1,drone,saraalemadi,drone/saraalemadi/Membo_0_010-membo,,train
154,data/interim/drone/saraalemadi/Membo_0_010-membo.wav,64000,79872,1,drone,saraalemadi,drone/saraalemadi/Membo_0_010-membo,,train
155,data/interim/drone/saraalemadi/Membo_0_015-membo.wav,0,16000,1,drone,saraalemadi,drone/saraalemadi/Membo_0_015-membo,,train
156,data/interim/drone/saraalemadi/Membo_0_015-membo.wav,8000,24000,1,drone,saraalemadi,drone/saraalemadi/Membo_0_015-membo,,train
157,data/interim/drone/saraalemadi/Membo_0_015-membo.wav,16000,32000,1,drone,saraalemadi,drone/saraalemadi/Membo_0_015-membo,,train
158,data/interim/drone/saraalemadi/Membo_0_015-membo.wav,24000,40000,1,drone,saraalemadi,drone/saraalemadi/Membo_0_015-membo,,train
159,data/interim/drone/saraalemadi/Membo_0_015-membo.wav,32000,48000,1,drone,saraalemadi,drone/saraalemadi/Membo_0_015-membo,,train
160,data/interim/drone/saraalemadi/Membo_0_015-membo.wav,40000,56000,1,drone,saraalemadi,drone/saraalemadi/Membo_0_015-membo,,train
161,data/interim/drone/saraalemadi/Membo_0_015-membo.wav,48000,64000,1,drone,saraalemadi,drone/saraalemadi/Membo_0_015-membo,,train
162,data/interim/drone/saraalemadi/Membo_0_015-membo.wav,56000,72000,1,drone,saraalemadi,drone/saraalemadi/Membo_0_015-membo,,train
163,data/interim/drone/saraalemadi/Membo_0_015-membo.wav,64000,79872,1,drone,saraalemadi,drone/saraalemadi/Membo_0_015-membo,,train
164,data/interim/drone/saraalemadi/Membo_0_016-membo.wav,0,16000,1,drone,saraalemadi,drone/saraalemadi/Membo_0_016-membo,,train
165,data/interim/drone/saraalemadi/Membo_0_016-membo.wav,8000,24000,1,drone,saraalemadi,drone/saraalemadi/Membo_0_016-membo,,train
166,data/interim/drone/saraalemadi/Membo_0_016-membo.wav,16000,32000,1,drone,saraalemadi,drone/saraalemadi/Membo_0_016-membo,,train
167,data/interim/drone/saraalemadi/Membo_0_016-membo.wav,24000,40000,1,drone,saraalemadi,drone/saraalemadi/Membo_0_016-membo,,train
168,data/interim/drone/saraalemadi/Membo_0_016-membo.wav,32000,48000,1,drone,saraalemadi,drone/saraalemadi/Membo_0_016-membo,,train
169,data/interim/drone/saraalemadi/Membo_0_016-membo.wav,40000,56000,1,drone,saraalemadi,drone/saraalemadi/Membo_0_016-membo,,train
170,data/interim/drone/saraalemadi/Membo_0_016-membo.wav,48000,64000,1,drone,saraalemadi,drone/saraalemadi/Membo_0_016-membo,,train
171,data/interim/drone/saraalemadi/Membo_0_016-membo.wav,56000,72000,1,drone,saraalemadi,drone/saraalemadi/Membo_0_016-membo,,train
172,data/interim/drone/saraalemadi/Membo_0_016-membo.wav,64000,80000,1,drone,saraalemadi,drone/saraalemadi/Membo_0_016-membo,,train
173,data/interim/drone/saraalemadi/Membo_0_016-membo.wav,72000,81920,1,drone,saraalemadi,drone/saraalemadi/Membo_0_016-membo,,train
174,data/interim/drone/saraalemadi/Membo_0_036-membo.wav,0,16000,1,drone,saraalemadi,drone/saraalemadi/Membo_0_036-membo,,train
175,data/interim/drone/saraalemadi/Membo_0_036-membo.wav,8000,24000,1,drone,saraalemadi,drone/saraalemadi/Membo_0_036-membo,,train
176,data/interim/drone/saraalemadi/Membo_0_036-membo.wav,16000,32000,1,drone,saraalemadi,drone/saraalemadi/Membo_0_036-membo,,train
177,data/interim/drone/saraalemadi/Membo_0_036-membo.wav,24000,40000,1,drone,saraalemadi,drone/saraalemadi/Membo_0_036-membo,,train
178,data/interim/drone/saraalemadi/Membo_0_036-membo.wav,32000,48000,1,drone,saraalemadi,drone/saraalemadi/Membo_0_036-membo,,train
179,data/interim/drone/saraalemadi/Membo_0_036-membo.wav,40000,56000,1,drone,saraalemadi,drone/saraalemadi/Membo_0_036-membo,,train
180,data/interim/drone/saraalemadi/Membo_0_036-membo.wav,48000,64000,1,drone,saraalemadi,drone/saraalemadi/Membo_0_036-membo,,train
181,data/interim/drone/saraalemadi/Membo_0_036-membo.wav,56000,72000,1,drone,saraalemadi,drone/saraalemadi/Membo_0_036-membo,,train
182,data/interim/drone/saraalemadi/Membo_0_036-membo.wav,64000,79872,1,drone,saraalemadi,drone/saraalemadi/Membo_0_036-membo,,train
183,data/interim/drone/saraalemadi/Membo_1_001-membo.wav,0,16000,1,drone,saraalemadi,drone/saraalemadi/Membo_1_001-membo,,train
184,data/interim/drone/saraalemadi/Membo_1_001-membo.wav,8000,24000,1,drone,saraalemadi,drone/saraalemadi/Membo_1_001-membo,,train
185,data/interim/drone/saraalemadi/Membo_1_001-membo.wav,16000,32000,1,drone,saraalemadi,drone/saraalemadi/Membo_1_001-membo,,train
186,data/interim/drone/saraalemadi/Membo_1_001-membo.wav,24000,40000,1,drone,saraalemadi,drone/saraalemadi/Membo_1_001-membo,,train
187,data/interim/drone/saraalemadi/Membo_1_001-membo.wav,32000,48000,1,drone,saraalemadi,drone/saraalemadi/Membo_1_001-membo,,train
188,data/interim/drone/saraalemadi/Membo_1_001-membo.wav,40000,56000,1,drone,saraalemadi,drone/saraalemadi/Membo_1_001-membo,,train
189,data/interim/drone/saraalemadi/Membo_1_001-membo.wav,48000,64000,1,drone,saraalemadi,drone/saraalemadi/Membo_1_001-membo,,train
190,data/interim/drone/saraalemadi/Membo_1_001-membo.wav,56000,72000,1,drone,saraalemadi,drone/saraalemadi/Membo_1_001-membo,,train
191,data/interim/drone/saraalemadi/Membo_1_001-membo.wav,64000,79872,1,drone,saraalemadi,drone/saraalemadi/Membo_1_001-membo,,train
192,data/interim/drone/saraalemadi/Membo_1_041-membo.wav,0,16000,1,drone,saraalemadi,drone/saraalemadi/Membo_1_041-membo,,train
193,data/interim/drone/saraalemadi/Membo_1_041-membo.wav,8000,24000,1,drone,saraalemadi,drone/saraalemadi/Membo_1_041-membo,,train
194,data/interim/drone/saraalemadi/Membo_1_041-membo.wav,16000,32000,1,drone,saraalemadi,drone/saraalemadi/Membo_1_041-membo,,train
195,data/interim/drone/saraalemadi/Membo_1_041-membo.wav,24000,40000,1,drone,saraalemadi,drone/saraalemadi/Membo_1_041-membo,,train
196,data/interim/drone/saraalemadi/Membo_1_041-membo.wav,32000,48000,1,drone,saraalemadi,drone/saraalemadi/Membo_1_041-membo,,train
197,data/interim/drone/saraalemadi/Membo_1_041-membo.wav,40000,56000,1,drone,saraalemadi,drone/saraalemadi/Membo_1_041-membo,,train
198,data/interim/drone/saraalemadi/Membo_1_041-membo.wav,48000,64000,1,drone,saraalemadi,drone/saraalemadi/Membo_1_041-membo,,train
199,data/interim/drone/saraalemadi/Membo_1_041-membo.wav,56000,72000,1,drone,saraalemadi,drone/saraalemadi/Membo_1_041-membo,,train
200,data/interim/drone/saraalemadi/Membo_1_041-membo.wav,64000,79872,1,drone,saraalemadi,drone/saraalemadi/Membo_1_041-membo,,train
201,data/interim/drone/saraalemadi/Membo_1_042-membo.wav,0,16000,1,drone,saraalemadi,drone/saraalemadi/Membo_1_042-membo,,train
202,data/interim/drone/saraalemadi/Membo_1_042-membo.wav,8000,24000,1,drone,saraalemadi,drone/saraalemadi/Membo_1_042-membo,,train
203,data/interim/drone/saraalemadi/Membo_1_042-membo.wav,16000,32000,1,drone,saraalemadi,drone/saraalemadi/Membo_1_042-membo,,train
204,data/interim/drone/saraalemadi/Membo_1_042-membo.wav,24000,40000,1,drone,saraalemadi,drone/saraalemadi/Membo_1_042-membo,,train
205,data/interim/drone/saraalemadi/Membo_1_042-membo.wav,32000,48000,1,drone,saraalemadi,drone/saraalemadi/Membo_1_042-membo,,train
206,data/interim/drone/saraalemadi/Membo_1_042-membo.wav,40000,56000,1,drone,saraalemadi,drone/saraalemadi/Membo_1_042-membo,,train
207,data/interim/drone/saraalemadi/Membo_1_042-membo.wav,48000,64000,1,drone,saraalemadi,drone/saraalemadi/Membo_1_042-membo,,train
208,data/interim/drone/saraalemadi/Membo_1_042-membo.wav,56000,72000,1,drone,saraalemadi,drone/saraalemadi/Membo_1_042-membo,,train
209,data/interim/drone/saraalemadi/Membo_1_042-membo.wav,64000,79872,1,drone,saraalemadi,drone/saraalemadi/Membo_1_042-membo,,train
210,data/interim/drone/saraalemadi/Membo_1_044-membo.wav,0,16000,1,drone,saraalemadi,drone/saraalemadi/Membo_1_044-membo,,train
211,data/interim/drone/saraalemadi/Membo_1_044-membo.wav,8000,24000,1,drone,saraalemadi,drone/saraalemadi/Membo_1_044-membo,,train
212,data/interim/drone/saraalemadi/Membo_1_044-membo.wav,16000,32000,1,drone,saraalemadi,drone/saraalemadi/Membo_1_044-membo,,train
213,data/interim/drone/saraalemadi/Membo_1_044-membo.wav,24000,40000,1,drone,saraalemadi,drone/saraalemadi/Membo_1_044-membo,,train
214,data/interim/drone/saraalemadi/Membo_1_044-membo.wav,32000,48000,1,drone,saraalemadi,drone/saraalemadi/Membo_1_044-membo,,train
215,data/interim/drone/saraalemadi/Membo_1_044-membo.wav,40000,56000,1,drone,saraalemadi,drone/saraalemadi/Membo_1_044-membo,,train
216,data/interim/drone/saraalemadi/Membo_1_044-membo.wav,48000,64000,1,drone,saraalemadi,drone/saraalemadi/Membo_1_044-membo,,train
217,data/interim/drone/saraalemadi/Membo_1_044-membo.wav,56000,72000,1,drone,saraalemadi,drone/saraalemadi/Membo_1_044-membo,,train
218,data/interim/drone/saraalemadi/Membo_1_044-membo.wav,64000,79872,1,drone,saraalemadi,drone/saraalemadi/Membo_1_044-membo,,train
228,data/interim/drone/saraalemadi/Membo_1_048-membo.wav,0,16000,1,drone,saraalemadi,drone/saraalemadi/Membo_1_048-membo,,train
229,data/interim/drone/saraalemadi/Membo_1_048-membo.wav,8000,24000,1,drone,saraalemadi,drone/saraalemadi/Membo_1_048-membo,,train
230,data/interim/drone/saraalemadi/Membo_1_048-membo.wav,16000,32000,1,drone,saraalemadi,drone/saraalemadi/Membo_1_048-membo,,train
231,data/interim/drone/saraalemadi/Membo_1_048-membo.wav,24000,40000,1,drone,saraalemadi,drone/saraalemadi/Membo_1_048-membo,,train
232,data/interim/drone/saraalemadi/Membo_1_048-membo.wav,32000,48000,1,drone,saraalemadi,drone/saraalemadi/Membo_1_048-membo,,train
233,data/interim/drone/saraalemadi/Membo_1_048-membo.wav,40000,56000,1,drone,saraalemadi,drone/saraalemadi/Membo_1_048-membo,,train
234,data/interim/drone/saraalemadi/Membo_1_048-membo.wav,48000,64000,1,drone,saraalemadi,drone/saraalemadi/Membo_1_048-membo,,train
235,data/interim/drone/saraalemadi/Membo_1_048-membo.wav,56000,72000,1,drone,saraalemadi,drone/saraalemadi/Membo_1_048-membo,,train
236,data/interim/drone/saraalemadi/Membo_1_048-membo.wav,64000,80000,1,drone,saraalemadi,drone/saraalemadi/Membo_1_048-membo,,train
237,data/interim/drone/saraalemadi/Membo_1_048-membo.wav,72000,81920,1,drone,saraalemadi,drone/saraalemadi/Membo_1_048-membo,,train
238,data/interim/drone/saraalemadi/Membo_2_010-membo.wav,0,16000,1,drone,saraalemadi,drone/saraalemadi/Membo_2_010-membo,,train
239,data/interim/drone/saraalemadi/Membo_2_010-membo.wav,8000,24000,1,drone,saraalemadi,drone/saraalemadi/Membo_2_010-membo,,train
240,data/interim/drone/saraalemadi/Membo_2_010-membo.wav,16000,32000,1,drone,saraalemadi,drone/saraalemadi/Membo_2_010-membo,,train
241,data/interim/drone/saraalemadi/Membo_2_010-membo.wav,24000,40000,1,drone,saraalemadi,drone/saraalemadi/Membo_2_010-membo,,train
242,data/interim/drone/saraalemadi/Membo_2_010-membo.wav,32000,48000,1,drone,saraalemadi,drone/saraalemadi/Membo_2_010-membo,,train
243,data/interim/drone/saraalemadi/Membo_2_010-membo.wav,40000,56000,1,drone,saraalemadi,drone/saraalemadi/Membo_2_010-membo,,train
244,data/interim/drone/saraalemadi/Membo_2_010-membo.wav,48000,64000,1,drone,saraalemadi,drone/saraalemadi/Membo_2_010-membo,,train
245,data/interim/drone/saraalemadi/Membo_2_010-membo.wav,56000,72000,1,drone,saraalemadi,drone/saraalemadi/Membo_2_010-membo,,train
246,data/interim/drone/saraalemadi/Membo_2_010-membo.wav,64000,79872,1,drone,saraalemadi,drone/saraalemadi/Membo_2_010-membo,,train
247,data/interim/drone/saraalemadi/Membo_2_011-membo.wav,0,16000,1,drone,saraalemadi,drone/saraalemadi/Membo_2_011-membo,,train
248,data/interim/drone/saraalemadi/Membo_2_011-membo.wav,8000,24000,1,drone,saraalemadi,drone/saraalemadi/Membo_2_011-membo,,train
249,data/interim/drone/saraalemadi/Membo_2_011-membo.wav,16000,32000,1,drone,saraalemadi,drone/saraalemadi/Membo_2_011-membo,,train
250,data/interim/drone/saraalemadi/Membo_2_011-membo.wav,24000,40000,1,drone,saraalemadi,drone/saraalemadi/Membo_2_011-membo,,train
251,data/interim/drone/saraalemadi/Membo_2_011-membo.wav,32000,48000,1,drone,saraalemadi,drone/saraalemadi/Membo_2_011-membo,,train
252,data/interim/drone/saraalemadi/Membo_2_011-membo.wav,40000,56000,1,drone,saraalemadi,drone/saraalemadi/Membo_2_011-membo,,train
253,data/interim/drone/saraalemadi/Membo_2_011-membo.wav,48000,64000,1,drone,saraalemadi,drone/saraalemadi/Membo_2_011-membo,,train
254,data/interim/drone/saraalemadi/Membo_2_011-membo.wav,56000,72000,1,drone,saraalemadi,drone/saraalemadi/Membo_2_011-membo,,train
255,data/interim/drone/saraalemadi/Membo_2_011-membo.wav,64000,79872,1,drone,saraalemadi,drone/saraalemadi/Membo_2_011-membo,,train
256,data/interim/drone/saraalemadi/Membo_2_017-membo.wav,0,16000,1,drone,saraalemadi,drone/saraalemadi/Membo_2_017-membo,,train
257,data/interim/drone/saraalemadi/Membo_2_017-membo.wav,8000,24000,1,drone,saraalemadi,drone/saraalemadi/Membo_2_017-membo,,train
258,data/interim/drone/saraalemadi/Membo_2_017-membo.wav,16000,32000,1,drone,saraalemadi,drone/saraalemadi/Membo_2_017-membo,,train
259,data/interim/drone/saraalemadi/Membo_2_017-membo.wav,24000,40000,1,drone,saraalemadi,drone/saraalemadi/Membo_2_017-membo,,train
260,data/interim/drone/saraalemadi/Membo_2_017-membo.wav,32000,48000,1,drone,saraalemadi,drone/saraalemadi/Membo_2_017-membo,,train
261,data/interim/drone/saraalemadi/Membo_2_017-membo.wav,40000,56000,1,drone,saraalemadi,drone/saraalemadi/Membo_2_017-membo,,train
262,data/interim/drone/saraalemadi/Membo_2_017-membo.wav,48000,64000,1,drone,saraalemadi,drone/saraalemadi/Membo_2_017-membo,,train
263,data/interim/drone/saraalemadi/Membo_2_017-membo.wav,56000,72000,1,drone,saraalemadi,drone/saraalemadi/Membo_2_017-membo,,train
264,data/interim/drone/saraalemadi/Membo_2_017-membo.wav,64000,79872,1,drone,saraalemadi,drone/saraalemadi/Membo_2_017-membo,,train
265,data/interim/drone/saraalemadi/Membo_2_019-membo.wav,0,16000,1,drone,saraalemadi,drone/saraalemadi/Membo_2_019-membo,,train
266,data/interim/drone/saraalemadi/Membo_2_019-membo.wav,8000,24000,1,drone,saraalemadi,drone/saraalemadi/Membo_2_019-membo,,train
267,data/interim/drone/saraalemadi/Membo_2_019-membo.wav,16000,32000,1,drone,saraalemadi,drone/saraalemadi/Membo_2_019-membo,,train
268,data/interim/drone/saraalemadi/Membo_2_019-membo.wav,24000,40000,1,drone,saraalemadi,drone/saraalemadi/Membo_2_019-membo,,train
269,data/interim/drone/saraalemadi/Membo_2_019-membo.wav,32000,48000,1,drone,saraalemadi,drone/saraalemadi/Membo_2_019-membo,,train
270,data/interim/drone/saraalemadi/Membo_2_019-membo.wav,40000,56000,1,drone,saraalemadi,drone/saraalemadi/Membo_2_019-membo,,train
271,data/interim/drone/saraalemadi/Membo_2_019-membo.wav,48000,64000,1,drone,saraalemadi,drone/saraalemadi/Membo_2_019-membo,,train
272,data/interim/drone/saraalemadi/Membo_2_019-membo.wav,56000,72000,1,drone,saraalemadi,drone/saraalemadi/Membo_2_019-membo,,train
273,data/interim/drone/saraalemadi/Membo_2_019-membo.wav,64000,79872,1,drone,saraalemadi,drone/saraalemadi/Membo_2_019-membo,,train
274,data/interim/drone/saraalemadi/Membo_2_028-membo.wav,0,16000,1,drone,saraalemadi,drone/saraalemadi/Membo_2_028-membo,,train
275,data/interim/drone/saraalemadi/Membo_2_028-membo.wav,8000,24000,1,drone,saraalemadi,drone/saraalemadi/Membo_2_028-membo,,train
276,data/interim/drone/saraalemadi/Membo_2_028-membo.wav,16000,32000,1,drone,saraalemadi,drone/saraalemadi/Membo_2_028-membo,,train
277,data/interim/drone/saraalemadi/Membo_2_028-membo.wav,24000,40000,1,drone,saraalemadi,drone/saraalemadi/Membo_2_028-membo,,train
278,data/interim/drone/saraalemadi/Membo_2_028-membo.wav,32000,48000,1,drone,saraalemadi,drone/saraalemadi/Membo_2_028-membo,,train
279,data/interim/drone/saraalemadi/Membo_2_028-membo.wav,40000,56000,1,drone,saraalemadi,drone/saraalemadi/Membo_2_028-membo,,train
280,data/interim/drone/saraalemadi/Membo_2_028-membo.wav,48000,64000,1,drone,saraalemadi,drone/saraalemadi/Membo_2_028-membo,,train
281,data/interim/drone/saraalemadi/Membo_2_028-membo.wav,56000,72000,1,drone,saraalemadi,drone/saraalemadi/Membo_2_028-membo,,train
282,data/interim/drone/saraalemadi/Membo_2_028-membo.wav,64000,75935,1,drone,saraalemadi,drone/saraalemadi/Membo_2_028-membo,,train
283,data/interim/drone/saraalemadi/mixed_1-bebop.wav,0,16000,1,drone,saraalemadi,drone/saraalemadi/mixed_1-bebop,,train
284,data/interim/drone/saraalemadi/mixed_1-bebop.wav,8000,24000,1,drone,saraalemadi,drone/saraalemadi/mixed_1-bebop,,train
285,data/interim/drone/saraalemadi/mixed_1-bebop.wav,16000,32000,1,drone,saraalemadi,drone/saraalemadi/mixed_1-bebop,,train
286,data/interim/drone/saraalemadi/mixed_1-bebop.wav,24000,40000,1,drone,saraalemadi,drone/saraalemadi/mixed_1-bebop,,train
287,data/interim/drone/saraalemadi/mixed_1-bebop.wav,32000,48000,1,drone,saraalemadi,drone/saraalemadi/mixed_1-bebop,,train
288,data/interim/drone/saraalemadi/mixed_1-bebop.wav,40000,56000,1,drone,saraalemadi,drone/saraalemadi/mixed_1-bebop,,train
289,data/interim/drone/saraalemadi/mixed_1-bebop.wav,48000,64000,1,drone,saraalemadi,drone/saraalemadi/mixed_1-bebop,,train
290,data/interim/drone/saraalemadi/mixed_1-bebop.wav,56000,72000,1,drone,saraalemadi,drone/saraalemadi/mixed_1-bebop,,train
291,data/interim/drone/saraalemadi/mixed_1-bebop.wav,64000,80000,1,drone,saraalemadi,drone/saraalemadi/mixed_1-bebop,,train
292,data/interim/drone/saraalemadi/mixed_1-bebop.wav,72000,80000,1,drone,saraalemadi,drone/saraalemadi/mixed_1-bebop,,train
293,data/interim/drone/saraalemadi/mixed_13-bebop.wav,0,16000,1,drone,saraalemadi,drone/saraalemadi/mixed_13-bebop,,train
294,data/interim/drone/saraalemadi/mixed_13-bebop.wav,8000,24000,1,drone,saraalemadi,drone/saraalemadi/mixed_13-bebop,,train
295,data/interim/drone/saraalemadi/mixed_13-bebop.wav,16000,32000,1,drone,saraalemadi,drone/saraalemadi/mixed_13-bebop,,train
296,data/interim/drone/saraalemadi/mixed_13-bebop.wav,24000,40000,1,drone,saraalemadi,drone/saraalemadi/mixed_13-bebop,,train
297,data/interim/drone/saraalemadi/mixed_13-bebop.wav,32000,48000,1,drone,saraalemadi,drone/saraalemadi/mixed_13-bebop,,train
298,data/interim/drone/saraalemadi/mixed_13-bebop.wav,40000,56000,1,drone,saraalemadi,drone/saraalemadi/mixed_13-bebop,,train
299,data/interim/drone/saraalemadi/mixed_13-bebop.wav,48000,64000,1,drone,saraalemadi,drone/saraalemadi/mixed_13-bebop,,train
300,data/interim/drone/saraalemadi/mixed_13-bebop.wav,56000,72000,1,drone,saraalemadi,drone/saraalemadi/mixed_13-bebop,,train
301,data/interim/drone/saraalemadi/mixed_13-bebop.wav,64000,80000,1,drone,saraalemadi,drone/saraalemadi/mixed_13-bebop,,train
302,data/interim/drone/saraalemadi/mixed_13-bebop.wav,72000,80000,1,drone,saraalemadi,drone/saraalemadi/mixed_13-bebop,,train
333,data/interim/drone/saraalemadi/mixed_25-bebop.wav,0,16000,1,drone,saraalemadi,drone/saraalemadi/mixed_25-bebop,,train
334,data/interim/drone/saraalemadi/mixed_25-bebop.wav,8000,24000,1,drone,saraalemadi,drone/saraalemadi/mixed_25-bebop,,train
335,data/interim/drone/saraalemadi/mixed_25-bebop.wav,16000,32000,1,drone,saraalemadi,drone/saraalemadi/mixed_25-bebop,,train
336,data/interim/drone/saraalemadi/mixed_25-bebop.wav,24000,40000,1,drone,saraalemadi,drone/saraalemadi/mixed_25-bebop,,train
337,data/interim/drone/saraalemadi/mixed_25-bebop.wav,32000,48000,1,drone,saraalemadi,drone/saraalemadi/mixed_25-bebop,,train
338,data/interim/drone/saraalemadi/mixed_25-bebop.wav,40000,56000,1,drone,saraalemadi,drone/saraalemadi/mixed_25-bebop,,train
339,data/interim/drone/saraalemadi/mixed_25-bebop.wav,48000,64000,1,drone,saraalemadi,drone/saraalemadi/mixed_25-bebop,,train
340,data/interim/drone/saraalemadi/mixed_25-bebop.wav,56000,72000,1,drone,saraalemadi,drone/saraalemadi/mixed_25-bebop,,train
341,data/interim/drone/saraalemadi/mixed_25-bebop.wav,64000,80000,1,drone,saraalemadi,drone/saraalemadi/mixed_25-bebop,,train
342,data/interim/drone/saraalemadi/mixed_25-bebop.wav,72000,80000,1,drone,saraalemadi,drone/saraalemadi/mixed_25-bebop,,train
353,data/interim/drone/saraalemadi/mixed_37-bebop.wav,0,16000,1,drone,saraalemadi,drone/saraalemadi/mixed_37-bebop,,train
354,data/interim/drone/saraalemadi/mixed_37-bebop.wav,8000,24000,1,drone,saraalemadi,drone/saraalemadi/mixed_37-bebop,,train
355,data/interim/drone/saraalemadi/mixed_37-bebop.wav,16000,32000,1,drone,saraalemadi,drone/saraalemadi/mixed_37-bebop,,train
356,data/interim/drone/saraalemadi/mixed_37-bebop.wav,24000,40000,1,drone,saraalemadi,drone/saraalemadi/mixed_37-bebop,,train
357,data/interim/drone/saraalemadi/mixed_37-bebop.wav,32000,48000,1,drone,saraalemadi,drone/saraalemadi/mixed_37-bebop,,train
358,data/interim/drone/saraalemadi/mixed_37-bebop.wav,40000,56000,1,drone,saraalemadi,drone/saraalemadi/mixed_37-bebop,,train
359,data/interim/drone/saraalemadi/mixed_37-bebop.wav,48000,64000,1,drone,saraalemadi,drone/saraalemadi/mixed_37-bebop,,train
360,data/interim/drone/saraalemadi/mixed_37-bebop.wav,56000,72000,1,drone,saraalemadi,drone/saraalemadi/mixed_37-bebop,,train
361,data/interim/drone/saraalemadi/mixed_37-bebop.wav,64000,80000,1,drone,saraalemadi,drone/saraalemadi/mixed_37-bebop,,train
362,data/interim/drone/saraalemadi/mixed_37-bebop.wav,72000,80000,1,drone,saraalemadi,drone/saraalemadi/mixed_37-bebop,,train
363,data/interim/drone/saraalemadi/mixed_44-bebop.wav,0,16000,1,drone,saraalemadi,drone/saraalemadi/mixed_44-bebop,,train
364,data/interim/drone/saraalemadi/mixed_44-bebop.wav,8000,24000,1,drone,saraalemadi,drone/saraalemadi/mixed_44-bebop,,train
365,data/interim/drone/saraalemadi/mixed_44-bebop.wav,16000,32000,1,drone,saraalemadi,drone/saraalemadi/mixed_44-bebop,,train
366,data/interim/drone/saraalemadi/mixed_44-bebop.wav,24000,40000,1,drone,saraalemadi,drone/saraalemadi/mixed_44-bebop,,train
367,data/interim/drone/saraalemadi/mixed_44-bebop.wav,32000,48000,1,drone,saraalemadi,drone/saraalemadi/mixed_44-bebop,,train
368,data/interim/drone/saraalemadi/mixed_44-bebop.wav,40000,56000,1,drone,saraalemadi,drone/saraalemadi/mixed_44-bebop,,train
369,data/interim/drone/saraalemadi/mixed_44-bebop.wav,48000,64000,1,drone,saraalemadi,drone/saraalemadi/mixed_44-bebop,,train
370,data/interim/drone/saraalemadi/mixed_44-bebop.wav,56000,72000,1,drone,saraalemadi,drone/saraalemadi/mixed_44-bebop,,train
371,data/interim/drone/saraalemadi/mixed_44-bebop.wav,64000,80000,1,drone,saraalemadi,drone/saraalemadi/mixed_44-bebop,,train
372,data/interim/drone/saraalemadi/mixed_44-bebop.wav,72000,80000,1,drone,saraalemadi,drone/saraalemadi/mixed_44-bebop,,train
373,data/interim/drone/saraalemadi/mixed_46-bebop.wav,0,16000,1,drone,saraalemadi,drone/saraalemadi/mixed_46-bebop,,train
374,data/interim/drone/saraalemadi/mixed_46-bebop.wav,8000,24000,1,drone,saraalemadi,drone/saraalemadi/mixed_46-bebop,,train
375,data/interim/drone/saraalemadi/mixed_46-bebop.wav,16000,32000,1,drone,saraalemadi,drone/saraalemadi/mixed_46-bebop,,train
376,data/interim/drone/saraalemadi/mixed_46-bebop.wav,24000,40000,1,drone,saraalemadi,drone/saraalemadi/mixed_46-bebop,,train
377,data/interim/drone/saraalemadi/mixed_46-bebop.wav,32000,48000,1,drone,saraalemadi,drone/saraalemadi/mixed_46-bebop,,train
378,data/interim/drone/saraalemadi/mixed_46-bebop.wav,40000,56000,1,drone,saraalemadi,drone/saraalemadi/mixed_46-bebop,,train
379,data/interim/drone/saraalemadi/mixed_46-bebop.wav,48000,64000,1,drone,saraalemadi,drone/saraalemadi/mixed_46-bebop,,train
380,data/interim/drone/saraalemadi/mixed_46-bebop.wav,56000,72000,1,drone,saraalemadi,drone/saraalemadi/mixed_46-bebop,,train
381,data/interim/drone/saraalemadi/mixed_46-bebop.wav,64000,80000,1,drone,saraalemadi,drone/saraalemadi/mixed_46-bebop,,train
382,data/interim/drone/saraalemadi/mixed_46-bebop.wav,72000,80000,1,drone,saraalemadi,drone/saraalemadi/mixed_46-bebop,,train
383,data/interim/drone/saraalemadi/mixed_49-bebop.wav,0,16000,1,drone,saraalemadi,drone/saraalemadi/mixed_49-bebop,,train
384,data/interim/drone/saraalemadi/mixed_49-bebop.wav,8000,24000,1,drone,saraalemadi,drone/saraalemadi/mixed_49-bebop,,train
385,data/interim/drone/saraalemadi/mixed_49-bebop.wav,16000,32000,1,drone,saraalemadi,drone/saraalemadi/mixed_49-bebop,,train
386,data/interim/drone/saraalemadi/mixed_49-bebop.wav,24000,40000,1,drone,saraalemadi,drone/saraalemadi/mixed_49-bebop,,train
387,data/interim/drone/saraalemadi/mixed_49-bebop.wav,32000,48000,1,drone,saraalemadi,drone/saraalemadi/mixed_49-bebop,,train
388,data/interim/drone/saraalemadi/mixed_49-bebop.wav,40000,56000,1,drone,saraalemadi,drone/saraalemadi/mixed_49-bebop,,train
389,data/interim/drone/saraalemadi/mixed_49-bebop.wav,48000,64000,1,drone,saraalemadi,drone/saraalemadi/mixed_49-bebop,,train
390,data/interim/drone/saraalemadi/mixed_49-bebop.wav,56000,72000,1,drone,saraalemadi,drone/saraalemadi/mixed_49-bebop,,train
391,data/interim/drone/saraalemadi/mixed_49-bebop.wav,64000,80000,1,drone,saraalemadi,drone/saraalemadi/mixed_49-bebop,,train
392,data/interim/drone/saraalemadi/mixed_49-bebop.wav,72000,80000,1,drone,saraalemadi,drone/saraalemadi/mixed_49-bebop,,train
403,data/interim/drone/saraalemadi/mixed_55-bebop.wav,0,16000,1,drone,saraalemadi,drone/saraalemadi/mixed_55-bebop,,train
404,data/interim/drone/saraalemadi/mixed_55-bebop.wav,8000,24000,1,drone,saraalemadi,drone/saraalemadi/mixed_55-bebop,,train
405,data/interim/drone/saraalemadi/mixed_55-bebop.wav,16000,32000,1,drone,saraalemadi,drone/saraalemadi/mixed_55-bebop,,train
406,data/interim/drone/saraalemadi/mixed_55-bebop.wav,24000,40000,1,drone,saraalemadi,drone/saraalemadi/mixed_55-bebop,,train
407,data/interim/drone/saraalemadi/mixed_55-bebop.wav,32000,48000,1,drone,saraalemadi,drone/saraalemadi/mixed_55-bebop,,train
408,data/interim/drone/saraalemadi/mixed_55-bebop.wav,40000,56000,1,drone,saraalemadi,drone/saraalemadi/mixed_55-bebop,,train
409,data/interim/drone/saraalemadi/mixed_55-bebop.wav,48000,64000,1,drone,saraalemadi,drone/saraalemadi/mixed_55-bebop,,train
410,data/interim/drone/saraalemadi/mixed_55-bebop.wav,56000,72000,1,drone,saraalemadi,drone/saraalemadi/mixed_55-bebop,,train
411,data/interim/drone/saraalemadi/mixed_55-bebop.wav,64000,80000,1,drone,saraalemadi,drone/saraalemadi/mixed_55-bebop,,train
412,data/interim/drone/saraalemadi/mixed_55-bebop.wav,72000,80000,1,drone,saraalemadi,drone/saraalemadi/mixed_55-bebop,,train
433,data/interim/drone/saraalemadi/mixed_membo_10-membo.wav,0,16000,1,drone,saraalemadi,drone/saraalemadi/mixed_membo_10-membo,,train
434,data/interim/drone/saraalemadi/mixed_membo_10-membo.wav,8000,24000,1,drone,saraalemadi,drone/saraalemadi/mixed_membo_10-membo,,train
435,data/interim/drone/saraalemadi/mixed_membo_10-membo.wav,16000,32000,1,drone,saraalemadi,drone/saraalemadi/mixed_membo_10-membo,,train
436,data/interim/drone/saraalemadi/mixed_membo_10-membo.wav,24000,40000,1,drone,saraalemadi,drone/saraalemadi/mixed_membo_10-membo,,train
437,data/interim/drone/saraalemadi/mixed_membo_10-membo.wav,32000,48000,1,drone,saraalemadi,drone/saraalemadi/mixed_membo_10-membo,,train
438,data/interim/drone/saraalemadi/mixed_membo_10-membo.wav,40000,56000,1,drone,saraalemadi,drone/saraalemadi/mixed_membo_10-membo,,train
439,data/interim/drone/saraalemadi/mixed_membo_10-membo.wav,48000,64000,1,drone,saraalemadi,drone/saraalemadi/mixed_membo_10-membo,,train
440,data/interim/drone/saraalemadi/mixed_membo_10-membo.wav,56000,72000,1,drone,saraalemadi,drone/saraalemadi/mixed_membo_10-membo,,train
441,data/interim/drone/saraalemadi/mixed_membo_10-membo.wav,64000,80000,1,drone,saraalemadi,drone/saraalemadi/mixed_membo_10-membo,,train
442,data/interim/drone/saraalemadi/mixed_membo_10-membo.wav,72000,80000,1,drone,saraalemadi,drone/saraalemadi/mixed_membo_10-membo,,train
443,data/interim/drone/saraalemadi/mixed_membo_11-membo.wav,0,16000,1,drone,saraalemadi,drone/saraalemadi/mixed_membo_11-membo,,train
444,data/interim/drone/saraalemadi/mixed_membo_11-membo.wav,8000,24000,1,drone,saraalemadi,drone/saraalemadi/mixed_membo_11-membo,,train
445,data/interim/drone/saraalemadi/mixed_membo_11-membo.wav,16000,32000,1,drone,saraalemadi,drone/saraalemadi/mixed_membo_11-membo,,train
446,data/interim/drone/saraalemadi/mixed_membo_11-membo.wav,24000,40000,1,drone,saraalemadi,drone/saraalemadi/mixed_membo_11-membo,,train
447,data/interim/drone/saraalemadi/mixed_membo_11-membo.wav,32000,48000,1,drone,saraalemadi,drone/saraalemadi/mixed_membo_11-membo,,train
448,data/interim/drone/saraalemadi/mixed_membo_11-membo.wav,40000,56000,1,drone,saraalemadi,drone/saraalemadi/mixed_membo_11-membo,,train
449,data/interim/drone/saraalemadi/mixed_membo_11-membo.wav,48000,64000,1,drone,saraalemadi,drone/saraalemadi/mixed_membo_11-membo,,train
450,data/interim/drone/saraalemadi/mixed_membo_11-membo.wav,56000,72000,1,drone,saraalemadi,drone/saraalemadi/mixed_membo_11-membo,,train
451,data/interim/drone/saraalemadi/mixed_membo_11-membo.wav,64000,80000,1,drone,saraalemadi,drone/saraalemadi/mixed_membo_11-membo,,train
452,data/interim/drone/saraalemadi/mixed_membo_11-membo.wav,72000,80000,1,drone,saraalemadi,drone/saraalemadi/mixed_membo_11-membo,,train
463,data/interim/drone/saraalemadi/mixed_membo_17-membo.wav,0,16000,1,drone,saraalemadi,drone/saraalemadi/mixed_membo_17-membo,,train
464,data/interim/drone/saraalemadi/mixed_membo_17-membo.wav,8000,24000,1,drone,saraalemadi,drone/saraalemadi/mixed_membo_17-membo,,train
465,data/interim/drone/saraalemadi/mixed_membo_17-membo.wav,16000,32000,1,drone,saraalemadi,drone/saraalemadi/mixed_membo_17-membo,,train
466,data/interim/drone/saraalemadi/mixed_membo_17-membo.wav,24000,40000,1,drone,saraalemadi,drone/saraalemadi/mixed_membo_17-membo,,train
467,data/interim/drone/saraalemadi/mixed_membo_17-membo.wav,32000,48000,1,drone,saraalemadi,drone/saraalemadi/mixed_membo_17-membo,,train
468,data/interim/drone/saraalemadi/mixed_membo_17-membo.wav,40000,56000,1,drone,saraalemadi,drone/saraalemadi/mixed_membo_17-membo,,train
469,data/interim/drone/saraalemadi/mixed_membo_17-membo.wav,48000,64000,1,drone,saraalemadi,drone/saraalemadi/mixed_membo_17-membo,,train
470,data/interim/drone/saraalemadi/mixed_membo_17-membo.wav,56000,72000,1,drone,saraalemadi,drone/saraalemadi/mixed_membo_17-membo,,train
471,data/interim/drone/saraalemadi/mixed_membo_17-membo.wav,64000,80000,1,drone,saraalemadi,drone/saraalemadi/mixed_membo_17-membo,,train
472,data/interim/drone/saraalemadi/mixed_membo_17-membo.wav,72000,80000,1,drone,saraalemadi,drone/saraalemadi/mixed_membo_17-membo,,train
493,data/interim/drone/saraalemadi/mixed_membo_33-membo.wav,0,16000,1,drone,saraalemadi,drone/saraalemadi/mixed_membo_33-membo,,train
494,data/interim/drone/saraalemadi/mixed_membo_33-membo.wav,8000,24000,1,drone,saraalemadi,drone/saraalemadi/mixed_membo_33-membo,,train
495,data/interim/drone/saraalemadi/mixed_membo_33-membo.wav,16000,32000,1,drone,saraalemadi,drone/saraalemadi/mixed_membo_33-membo,,train
496,data/interim/drone/saraalemadi/mixed_membo_33-membo.wav,24000,40000,1,drone,saraalemadi,drone/saraalemadi/mixed_membo_33-membo,,train
497,data/interim/drone/saraalemadi/mixed_membo_33-membo.wav,32000,48000,1,drone,saraalemadi,drone/saraalemadi/mixed_membo_33-membo,,train
498,data/interim/drone/saraalemadi/mixed_membo_33-membo.wav,40000,56000,1,drone,saraalemadi,drone/saraalemadi/mixed_membo_33-membo,,train
499,data/interim/drone/saraalemadi/mixed_membo_33-membo.wav,48000,64000,1,drone,saraalemadi,drone/saraalemadi/mixed_membo_33-membo,,train
500,data/interim/drone/saraalemadi/mixed_membo_33-membo.wav,56000,72000,1,drone,saraalemadi,drone/saraalemadi/mixed_membo_33-membo,,train
501,data/interim/drone/saraalemadi/mixed_membo_33-membo.wav,64000,80000,1,drone,saraalemadi,drone/saraalemadi/mixed_membo_33-membo,,train
502,data/interim/drone/saraalemadi/mixed_membo_33-membo.wav,72000,80000,1,drone,saraalemadi,drone/saraalemadi/mixed_membo_33-membo,,train
503,data/interim/drone/saraalemadi/mixed_membo_40-membo.wav,0,16000,1,drone,saraalemadi,drone/saraalemadi/mixed_membo_40-membo,,train
504,data/interim/drone/saraalemadi/mixed_membo_40-membo.wav,8000,24000,1,drone,saraalemadi,drone/saraalemadi/mixed_membo_40-membo,,train
505,data/interim/drone/saraalemadi/mixed_membo_40-membo.wav,16000,32000,1,drone,saraalemadi,drone/saraalemadi/mixed_membo_40-membo,,train
506,data/interim/drone/saraalemadi/mixed_membo_40-membo.wav,24000,40000,1,drone,saraalemadi,drone/saraalemadi/mixed_membo_40-membo,,train
507,data/interim/drone/saraalemadi/mixed_membo_40-membo.wav,32000,48000,1,drone,saraalemadi,drone/saraalemadi/mixed_membo_40-membo,,train
508,data/interim/drone/saraalemadi/mixed_membo_40-membo.wav,40000,56000,1,drone,saraalemadi,drone/saraalemadi/mixed_membo_40-membo,,train
509,data/interim/drone/saraalemadi/mixed_membo_40-membo.wav,48000,64000,1,drone,saraalemadi,drone/saraalemadi/mixed_membo_40-membo,,train
510,data/interim/drone/saraalemadi/mixed_membo_40-membo.wav,56000,72000,1,drone,saraalemadi,drone/saraalemadi/mixed_membo_40-membo,,train
511,data/interim/drone/saraalemadi/mixed_membo_40-membo.wav,64000,80000,1,drone,saraalemadi,drone/saraalemadi/mixed_membo_40-membo,,train
512,data/interim/drone/saraalemadi/mixed_membo_40-membo.wav,72000,80000,1,drone,saraalemadi,drone/saraalemadi/mixed_membo_40-membo,,train
513,data/interim/drone/saraalemadi/mixed_membo_44-membo.wav,0,16000,1,drone,saraalemadi,drone/saraalemadi/mixed_membo_44-membo,,train
514,data/interim/drone/saraalemadi/mixed_membo_44-membo.wav,8000,24000,1,drone,saraalemadi,drone/saraalemadi/mixed_membo_44-membo,,train
515,data/interim/drone/saraalemadi/mixed_membo_44-membo.wav,16000,32000,1,drone,saraalemadi,drone/saraalemadi/mixed_membo_44-membo,,train
516,data/interim/drone/saraalemadi/mixed_membo_44-membo.wav,24000,40000,1,drone,saraalemadi,drone/saraalemadi/mixed_membo_44-membo,,train
517,data/interim/drone/saraalemadi/mixed_membo_44-membo.wav,32000,48000,1,drone,saraalemadi,drone/saraalemadi/mixed_membo_44-membo,,train
518,data/interim/drone/saraalemadi/mixed_membo_44-membo.wav,40000,56000,1,drone,saraalemadi,drone/saraalemadi/mixed_membo_44-membo,,train
519,data/interim/drone/saraalemadi/mixed_membo_44-membo.wav,48000,64000,1,drone,saraalemadi,drone/saraalemadi/mixed_membo_44-membo,,train
520,data/interim/drone/saraalemadi/mixed_membo_44-membo.wav,56000,72000,1,drone,saraalemadi,drone/saraalemadi/mixed_membo_44-membo,,train
521,data/interim/drone/saraalemadi/mixed_membo_44-membo.wav,64000,80000,1,drone,saraalemadi,drone/saraalemadi/mixed_membo_44-membo,,train
522,data/interim/drone/saraalemadi/mixed_membo_44-membo.wav,72000,80000,1,drone,saraalemadi,drone/saraalemadi/mixed_membo_44-membo,,train
523,data/interim/drone/saraalemadi/mixed_membo_46-membo.wav,0,16000,1,drone,saraalemadi,drone/saraalemadi/mixed_membo_46-membo,,train
524,data/interim/drone/saraalemadi/mixed_membo_46-membo.wav,8000,24000,1,drone,saraalemadi,drone/saraalemadi/mixed_membo_46-membo,,train
525,data/interim/drone/saraalemadi/mixed_membo_46-membo.wav,16000,32000,1,drone,saraalemadi,drone/saraalemadi/mixed_membo_46-membo,,train
526,data/interim/drone/saraalemadi/mixed_membo_46-membo.wav,24000,40000,1,drone,saraalemadi,drone/saraalemadi/mixed_membo_46-membo,,train
527,data/interim/drone/saraalemadi/mixed_membo_46-membo.wav,32000,48000,1,drone,saraalemadi,drone/saraalemadi/mixed_membo_46-membo,,train
528,data/interim/drone/saraalemadi/mixed_membo_46-membo.wav,40000,56000,1,drone,saraalemadi,drone/saraalemadi/mixed_membo_46-membo,,train
529,data/interim/drone/saraalemadi/mixed_membo_46-membo.wav,48000,64000,1,drone,saraalemadi,drone/saraalemadi/mixed_membo_46-membo,,train
530,data/interim/drone/saraalemadi/mixed_membo_46-membo.wav,56000,72000,1,drone,saraalemadi,drone/saraalemadi/mixed_membo_46-membo,,train
531,data/interim/drone/saraalemadi/mixed_membo_46-membo.wav,64000,80000,1,drone,saraalemadi,drone/saraalemadi/mixed_membo_46-membo,,train
532,data/interim/drone/saraalemadi/mixed_membo_46-membo.wav,72000,80000,1,drone,saraalemadi,drone/saraalemadi/mixed_membo_46-membo,,train
533,data/interim/drone/saraalemadi/mixed_membo_47-membo.wav,0,16000,1,drone,saraalemadi,drone/saraalemadi/mixed_membo_47-membo,,train
534,data/interim/drone/saraalemadi/mixed_membo_47-membo.wav,8000,24000,1,drone,saraalemadi,drone/saraalemadi/mixed_membo_47-membo,,train
535,data/interim/drone/saraalemadi/mixed_membo_47-membo.wav,16000,32000,1,drone,saraalemadi,drone/saraalemadi/mixed_membo_47-membo,,train
536,data/interim/drone/saraalemadi/mixed_membo_47-membo.wav,24000,40000,1,drone,saraalemadi,drone/saraalemadi/mixed_membo_47-membo,,train
537,data/interim/drone/saraalemadi/mixed_membo_47-membo.wav,32000,48000,1,drone,saraalemadi,drone/saraalemadi/mixed_membo_47-membo,,train
538,data/interim/drone/saraalemadi/mixed_membo_47-membo.wav,40000,56000,1,drone,saraalemadi,drone/saraalemadi/mixed_membo_47-membo,,train
539,data/interim/drone/saraalemadi/mixed_membo_47-membo.wav,48000,64000,1,drone,saraalemadi,drone/saraalemadi/mixed_membo_47-membo,,train
540,data/interim/drone/saraalemadi/mixed_membo_47-membo.wav,56000,72000,1,drone,saraalemadi,drone/saraalemadi/mixed_membo_47-membo,,train
541,data/interim/drone/saraalemadi/mixed_membo_47-membo.wav,64000,80000,1,drone,saraalemadi,drone/saraalemadi/mixed_membo_47-membo,,train
542,data/interim/drone/saraalemadi/mixed_membo_47-membo.wav,72000,80000,1,drone,saraalemadi,drone/saraalemadi/mixed_membo_47-membo,,train
543,data/interim/drone/saraalemadi/mixed_membo_55-membo.wav,0,16000,1,drone,saraalemadi,drone/saraalemadi/mixed_membo_55-membo,,train
544,data/interim/drone/saraalemadi/mixed_membo_55-membo.wav,8000,24000,1,drone,saraalemadi,drone/saraalemadi/mixed_membo_55-membo,,train
545,data/interim/drone/saraalemadi/mixed_membo_55-membo.wav,16000,32000,1,drone,saraalemadi,drone/saraalemadi/mixed_membo_55-membo,,train
546,data/interim/drone/saraalemadi/mixed_membo_55-membo.wav,24000,40000,1,drone,saraalemadi,drone/saraalemadi/mixed_membo_55-membo,,train
547,data/interim/drone/saraalemadi/mixed_membo_55-membo.wav,32000,48000,1,drone,saraalemadi,drone/saraalemadi/mixed_membo_55-membo,,train
548,data/interim/drone/saraalemadi/mixed_membo_55-membo.wav,40000,56000,1,drone,saraalemadi,drone/saraalemadi/mixed_membo_55-membo,,train
549,data/interim/drone/saraalemadi/mixed_membo_55-membo.wav,48000,64000,1,drone,saraalemadi,drone/saraalemadi/mixed_membo_55-membo,,train
550,data/interim/drone/saraalemadi/mixed_membo_55-membo.wav,56000,72000,1,drone,saraalemadi,drone/saraalemadi/mixed_membo_55-membo,,train
551,data/interim/drone/saraalemadi/mixed_membo_55-membo.wav,64000,80000,1,drone,saraalemadi,drone/saraalemadi/mixed_membo_55-membo,,train
552,data/interim/drone/saraalemadi/mixed_membo_55-membo.wav,72000,80000,1,drone,saraalemadi,drone/saraalemadi/mixed_membo_55-membo,,train
553,data/interim/drone/saraalemadi/mixed_membo_8-membo.wav,0,16000,1,drone,saraalemadi,drone/saraalemadi/mixed_membo_8-membo,,train
554,data/interim/drone/saraalemadi/mixed_membo_8-membo.wav,8000,24000,1,drone,saraalemadi,drone/saraalemadi/mixed_membo_8-membo,,train
555,data/interim/drone/saraalemadi/mixed_membo_8-membo.wav,16000,32000,1,drone,saraalemadi,drone/saraalemadi/mixed_membo_8-membo,,train
556,data/interim/drone/saraalemadi/mixed_membo_8-membo.wav,24000,40000,1,drone,saraalemadi,drone/saraalemadi/mixed_membo_8-membo,,train
557,data/interim/drone/saraalemadi/mixed_membo_8-membo.wav,32000,48000,1,drone,saraalemadi,drone/saraalemadi/mixed_membo_8-membo,,train
558,data/interim/drone/saraalemadi/mixed_membo_8-membo.wav,40000,56000,1,drone,saraalemadi,drone/saraalemadi/mixed_membo_8-membo,,train
559,data/interim/drone/saraalemadi/mixed_membo_8-membo.wav,48000,64000,1,drone,saraalemadi,drone/saraalemadi/mixed_membo_8-membo,,train
560,data/interim/drone/saraalemadi/mixed_membo_8-membo.wav,56000,72000,1,drone,saraalemadi,drone/saraalemadi/mixed_membo_8-membo,,train
561,data/interim/drone/saraalemadi/mixed_membo_8-membo.wav,64000,80000,1,drone,saraalemadi,drone/saraalemadi/mixed_membo_8-membo,,train
562,data/interim/drone/saraalemadi/mixed_membo_8-membo.wav,72000,80000,1,drone,saraalemadi,drone/saraalemadi/mixed_membo_8-membo,,train
563,data/interim/negative/esc50/1-155858-B-25.wav,0,16000,0,negative,esc50,negative/esc50/1-155858-B-25,,train
564,data/interim/negative/esc50/1-155858-B-25.wav,8000,24000,0,negative,esc50,negative/esc50/1-155858-B-25,,train
565,data/interim/negative/esc50/1-155858-B-25.wav,16000,32000,0,negative,esc50,negative/esc50/1-155858-B-25,,train
566,data/interim/negative/esc50/1-155858-B-25.wav,24000,40000,0,negative,esc50,negative/esc50/1-155858-B-25,,train
567,data/interim/negative/esc50/1-155858-B-25.wav,32000,48000,0,negative,esc50,negative/esc50/1-155858-B-25,,train
568,data/interim/negative/esc50/1-155858-B-25.wav,40000,56000,0,negative,esc50,negative/esc50/1-155858-B-25,,train
569,data/interim/negative/esc50/1-155858-B-25.wav,48000,64000,0,negative,esc50,negative/esc50/1-155858-B-25,,train
570,data/interim/negative/esc50/1-155858-B-25.wav,56000,72000,0,negative,esc50,negative/esc50/1-155858-B-25,,train
571,data/interim/negative/esc50/1-155858-B-25.wav,64000,80000,0,negative,esc50,negative/esc50/1-155858-B-25,,train
572,data/interim/negative/esc50/1-155858-B-25.wav,72000,80000,0,negative,esc50,negative/esc50/1-155858-B-25,,train
573,data/interim/negative/esc50/1-155858-E-25.wav,0,16000,0,negative,esc50,negative/esc50/1-155858-E-25,,train
574,data/interim/negative/esc50/1-155858-E-25.wav,8000,24000,0,negative,esc50,negative/esc50/1-155858-E-25,,train
575,data/interim/negative/esc50/1-155858-E-25.wav,16000,32000,0,negative,esc50,negative/esc50/1-155858-E-25,,train
576,data/interim/negative/esc50/1-155858-E-25.wav,24000,40000,0,negative,esc50,negative/esc50/1-155858-E-25,,train
577,data/interim/negative/esc50/1-155858-E-25.wav,32000,48000,0,negative,esc50,negative/esc50/1-155858-E-25,,train
578,data/interim/negative/esc50/1-155858-E-25.wav,40000,56000,0,negative,esc50,negative/esc50/1-155858-E-25,,train
579,data/interim/negative/esc50/1-155858-E-25.wav,48000,64000,0,negative,esc50,negative/esc50/1-155858-E-25,,train
580,data/interim/negative/esc50/1-155858-E-25.wav,56000,72000,0,negative,esc50,negative/esc50/1-155858-E-25,,train
581,data/interim/negative/esc50/1-155858-E-25.wav,64000,80000,0,negative,esc50,negative/esc50/1-155858-E-25,,train
582,data/interim/negative/esc50/1-155858-E-25.wav,72000,80000,0,negative,esc50,negative/esc50/1-155858-E-25,,train
583,data/interim/negative/esc50/1-172649-D-40.wav,0,16000,0,negative,esc50,negative/esc50/1-172649-D-40,,train
584,data/interim/negative/esc50/1-172649-D-40.wav,8000,24000,0,negative,esc50,negative/esc50/1-172649-D-40,,train
585,data/interim/negative/esc50/1-172649-D-40.wav,16000,32000,0,negative,esc50,negative/esc50/1-172649-D-40,,train
586,data/interim/negative/esc50/1-172649-D-40.wav,24000,40000,0,negative,esc50,negative/esc50/1-172649-D-40,,train
587,data/interim/negative/esc50/1-172649-D-40.wav,32000,48000,0,negative,esc50,negative/esc50/1-172649-D-40,,train
588,data/interim/negative/esc50/1-172649-D-40.wav,40000,56000,0,negative,esc50,negative/esc50/1-172649-D-40,,train
589,data/interim/negative/esc50/1-172649-D-40.wav,48000,64000,0,negative,esc50,negative/esc50/1-172649-D-40,,train
590,data/interim/negative/esc50/1-172649-D-40.wav,56000,72000,0,negative,esc50,negative/esc50/1-172649-D-40,,train
591,data/interim/negative/esc50/1-172649-D-40.wav,64000,80000,0,negative,esc50,negative/esc50/1-172649-D-40,,train
592,data/interim/negative/esc50/1-172649-D-40.wav,72000,80000,0,negative,esc50,negative/esc50/1-172649-D-40,,train
593,data/interim/negative/esc50/1-17367-A-10.wav,0,16000,0,negative,esc50,negative/esc50/1-17367-A-10,,train
594,data/interim/negative/esc50/1-17367-A-10.wav,8000,24000,0,negative,esc50,negative/esc50/1-17367-A-10,,train
595,data/interim/negative/esc50/1-17367-A-10.wav,16000,32000,0,negative,esc50,negative/esc50/1-17367-A-10,,train
596,data/interim/negative/esc50/1-17367-A-10.wav,24000,40000,0,negative,esc50,negative/esc50/1-17367-A-10,,train
597,data/interim/negative/esc50/1-17367-A-10.wav,32000,48000,0,negative,esc50,negative/esc50/1-17367-A-10,,train
598,data/interim/negative/esc50/1-17367-A-10.wav,40000,56000,0,negative,esc50,negative/esc50/1-17367-A-10,,train
599,data/interim/negative/esc50/1-17367-A-10.wav,48000,64000,0,negative,esc50,negative/esc50/1-17367-A-10,,train
600,data/interim/negative/esc50/1-17367-A-10.wav,56000,72000,0,negative,esc50,negative/esc50/1-17367-A-10,,train
601,data/interim/negative/esc50/1-17367-A-10.wav,64000,80000,0,negative,esc50,negative/esc50/1-17367-A-10,,train
602,data/interim/negative/esc50/1-17367-A-10.wav,72000,80000,0,negative,esc50,negative/esc50/1-17367-A-10,,train
603,data/interim/negative/esc50/1-18527-B-44.wav,0,16000,0,negative,esc50,negative/esc50/1-18527-B-44,,train
604,data/interim/negative/esc50/1-18527-B-44.wav,8000,24000,0,negative,esc50,negative/esc50/1-18527-B-44,,train
605,data/interim/negative/esc50/1-18527-B-44.wav,16000,32000,0,negative,esc50,negative/esc50/1-18527-B-44,,train
606,data/interim/negative/esc50/1-18527-B-44.wav,24000,40000,0,negative,esc50,negative/esc50/1-18527-B-44,,train
607,data/interim/negative/esc50/1-18527-B-44.wav,32000,48000,0,negative,esc50,negative/esc50/1-18527-B-44,,train
608,data/interim/negative/esc50/1-18527-B-44.wav,40000,56000,0,negative,esc50,negative/esc50/1-18527-B-44,,train
609,data/interim/negative/esc50/1-18527-B-44.wav,48000,64000,0,negative,esc50,negative/esc50/1-18527-B-44,,train
610,data/interim/negative/esc50/1-18527-B-44.wav,56000,72000,0,negative,esc50,negative/esc50/1-18527-B-44,,train
611,data/interim/negative/esc50/1-18527-B-44.wav,64000,80000,0,negative,esc50,negative/esc50/1-18527-B-44,,train
612,data/interim/negative/esc50/1-18527-B-44.wav,72000,80000,0,negative,esc50,negative/esc50/1-18527-B-44,,train
623,data/interim/negative/esc50/1-24796-A-47.wav,0,16000,0,negative,esc50,negative/esc50/1-24796-A-47,,train
624,data/interim/negative/esc50/1-24796-A-47.wav,8000,24000,0,negative,esc50,negative/esc50/1-24796-A-47,,train
625,data/interim/negative/esc50/1-24796-A-47.wav,16000,32000,0,negative,esc50,negative/esc50/1-24796-A-47,,train
626,data/interim/negative/esc50/1-24796-A-47.wav,24000,40000,0,negative,esc50,negative/esc50/1-24796-A-47,,train
627,data/interim/negative/esc50/1-24796-A-47.wav,32000,48000,0,negative,esc50,negative/esc50/1-24796-A-47,,train
628,data/interim/negative/esc50/1-24796-A-47.wav,40000,56000,0,negative,esc50,negative/esc50/1-24796-A-47,,train
629,data/interim/negative/esc50/1-24796-A-47.wav,48000,64000,0,negative,esc50,negative/esc50/1-24796-A-47,,train
630,data/interim/negative/esc50/1-24796-A-47.wav,56000,72000,0,negative,esc50,negative/esc50/1-24796-A-47,,train
631,data/interim/negative/esc50/1-24796-A-47.wav,64000,80000,0,negative,esc50,negative/esc50/1-24796-A-47,,train
632,data/interim/negative/esc50/1-24796-A-47.wav,72000,80000,0,negative,esc50,negative/esc50/1-24796-A-47,,train
643,data/interim/negative/esc50/1-29561-A-10.wav,0,16000,0,negative,esc50,negative/esc50/1-29561-A-10,,train
644,data/interim/negative/esc50/1-29561-A-10.wav,8000,24000,0,negative,esc50,negative/esc50/1-29561-A-10,,train
645,data/interim/negative/esc50/1-29561-A-10.wav,16000,32000,0,negative,esc50,negative/esc50/1-29561-A-10,,train
646,data/interim/negative/esc50/1-29561-A-10.wav,24000,40000,0,negative,esc50,negative/esc50/1-29561-A-10,,train
647,data/interim/negative/esc50/1-29561-A-10.wav,32000,48000,0,negative,esc50,negative/esc50/1-29561-A-10,,train
648,data/interim/negative/esc50/1-29561-A-10.wav,40000,56000,0,negative,esc50,negative/esc50/1-29561-A-10,,train
649,data/interim/negative/esc50/1-29561-A-10.wav,48000,64000,0,negative,esc50,negative/esc50/1-29561-A-10,,train
650,data/interim/negative/esc50/1-29561-A-10.wav,56000,72000,0,negative,esc50,negative/esc50/1-29561-A-10,,train
651,data/interim/negative/esc50/1-29561-A-10.wav,64000,80000,0,negative,esc50,negative/esc50/1-29561-A-10,,train
652,data/interim/negative/esc50/1-29561-A-10.wav,72000,80000,0,negative,esc50,negative/esc50/1-29561-A-10,,train
653,data/interim/negative/esc50/1-34495-A-14.wav,0,16000,0,negative,esc50,negative/esc50/1-34495-A-14,,train
654,data/interim/negative/esc50/1-34495-A-14.wav,8000,24000,0,negative,esc50,negative/esc50/1-34495-A-14,,train
655,data/interim/negative/esc50/1-34495-A-14.wav,16000,32000,0,negative,esc50,negative/esc50/1-34495-A-14,,train
656,data/interim/negative/esc50/1-34495-A-14.wav,24000,40000,0,negative,esc50,negative/esc50/1-34495-A-14,,train
657,data/interim/negative/esc50/1-34495-A-14.wav,32000,48000,0,negative,esc50,negative/esc50/1-34495-A-14,,train
658,data/interim/negative/esc50/1-34495-A-14.wav,40000,56000,0,negative,esc50,negative/esc50/1-34495-A-14,,train
659,data/interim/negative/esc50/1-34495-A-14.wav,48000,64000,0,negative,esc50,negative/esc50/1-34495-A-14,,train
660,data/interim/negative/esc50/1-34495-A-14.wav,56000,72000,0,negative,esc50,negative/esc50/1-34495-A-14,,train
661,data/interim/negative/esc50/1-34495-A-14.wav,64000,80000,0,negative,esc50,negative/esc50/1-34495-A-14,,train
662,data/interim/negative/esc50/1-34495-A-14.wav,72000,80000,0,negative,esc50,negative/esc50/1-34495-A-14,,train
663,data/interim/negative/esc50/1-38560-A-14.wav,0,16000,0,negative,esc50,negative/esc50/1-38560-A-14,,train
664,data/interim/negative/esc50/1-38560-A-14.wav,8000,24000,0,negative,esc50,negative/esc50/1-38560-A-14,,train
665,data/interim/negative/esc50/1-38560-A-14.wav,16000,32000,0,negative,esc50,negative/esc50/1-38560-A-14,,train
666,data/interim/negative/esc50/1-38560-A-14.wav,24000,40000,0,negative,esc50,negative/esc50/1-38560-A-14,,train
667,data/interim/negative/esc50/1-38560-A-14.wav,32000,48000,0,negative,esc50,negative/esc50/1-38560-A-14,,train
668,data/interim/negative/esc50/1-38560-A-14.wav,40000,56000,0,negative,esc50,negative/esc50/1-38560-A-14,,train
669,data/interim/negative/esc50/1-38560-A-14.wav,48000,64000,0,negative,esc50,negative/esc50/1-38560-A-14,,train
670,data/interim/negative/esc50/1-38560-A-14.wav,56000,72000,0,negative,esc50,negative/esc50/1-38560-A-14,,train
671,data/interim/negative/esc50/1-38560-A-14.wav,64000,80000,0,negative,esc50,negative/esc50/1-38560-A-14,,train
672,data/interim/negative/esc50/1-38560-A-14.wav,72000,80000,0,negative,esc50,negative/esc50/1-38560-A-14,,train
673,data/interim/negative/esc50/1-50454-A-44.wav,0,16000,0,negative,esc50,negative/esc50/1-50454-A-44,,train
674,data/interim/negative/esc50/1-50454-A-44.wav,8000,24000,0,negative,esc50,negative/esc50/1-50454-A-44,,train
675,data/interim/negative/esc50/1-50454-A-44.wav,16000,32000,0,negative,esc50,negative/esc50/1-50454-A-44,,train
676,data/interim/negative/esc50/1-50454-A-44.wav,24000,40000,0,negative,esc50,negative/esc50/1-50454-A-44,,train
677,data/interim/negative/esc50/1-50454-A-44.wav,32000,48000,0,negative,esc50,negative/esc50/1-50454-A-44,,train
678,data/interim/negative/esc50/1-50454-A-44.wav,40000,56000,0,negative,esc50,negative/esc50/1-50454-A-44,,train
679,data/interim/negative/esc50/1-50454-A-44.wav,48000,64000,0,negative,esc50,negative/esc50/1-50454-A-44,,train
680,data/interim/negative/esc50/1-50454-A-44.wav,56000,72000,0,negative,esc50,negative/esc50/1-50454-A-44,,train
681,data/interim/negative/esc50/1-50454-A-44.wav,64000,80000,0,negative,esc50,negative/esc50/1-50454-A-44,,train
682,data/interim/negative/esc50/1-50454-A-44.wav,72000,80000,0,negative,esc50,negative/esc50/1-50454-A-44,,train
683,data/interim/negative/esc50/1-54918-A-14.wav,0,16000,0,negative,esc50,negative/esc50/1-54918-A-14,,train
684,data/interim/negative/esc50/1-54918-A-14.wav,8000,24000,0,negative,esc50,negative/esc50/1-54918-A-14,,train
685,data/interim/negative/esc50/1-54918-A-14.wav,16000,32000,0,negative,esc50,negative/esc50/1-54918-A-14,,train
686,data/interim/negative/esc50/1-54918-A-14.wav,24000,40000,0,negative,esc50,negative/esc50/1-54918-A-14,,train
687,data/interim/negative/esc50/1-54918-A-14.wav,32000,48000,0,negative,esc50,negative/esc50/1-54918-A-14,,train
688,data/interim/negative/esc50/1-54918-A-14.wav,40000,56000,0,negative,esc50,negative/esc50/1-54918-A-14,,train
689,data/interim/negative/esc50/1-54918-A-14.wav,48000,64000,0,negative,esc50,negative/esc50/1-54918-A-14,,train
690,data/interim/negative/esc50/1-54918-A-14.wav,56000,72000,0,negative,esc50,negative/esc50/1-54918-A-14,,train
691,data/interim/negative/esc50/1-54918-A-14.wav,64000,80000,0,negative,esc50,negative/esc50/1-54918-A-14,,train
692,data/interim/negative/esc50/1-54918-A-14.wav,72000,80000,0,negative,esc50,negative/esc50/1-54918-A-14,,train
693,data/interim/negative/esc50/1-61261-A-44.wav,0,16000,0,negative,esc50,negative/esc50/1-61261-A-44,,train
694,data/interim/negative/esc50/1-61261-A-44.wav,8000,24000,0,negative,esc50,negative/esc50/1-61261-A-44,,train
695,data/interim/negative/esc50/1-61261-A-44.wav,16000,32000,0,negative,esc50,negative/esc50/1-61261-A-44,,train
696,data/interim/negative/esc50/1-61261-A-44.wav,24000,40000,0,negative,esc50,negative/esc50/1-61261-A-44,,train
697,data/interim/negative/esc50/1-61261-A-44.wav,32000,48000,0,negative,esc50,negative/esc50/1-61261-A-44,,train
698,data/interim/negative/esc50/1-61261-A-44.wav,40000,56000,0,negative,esc50,negative/esc50/1-61261-A-44,,train
699,data/interim/negative/esc50/1-61261-A-44.wav,48000,64000,0,negative,esc50,negative/esc50/1-61261-A-44,,train
700,data/interim/negative/esc50/1-61261-A-44.wav,56000,72000,0,negative,esc50,negative/esc50/1-61261-A-44,,train
701,data/interim/negative/esc50/1-61261-A-44.wav,64000,80000,0,negative,esc50,negative/esc50/1-61261-A-44,,train
702,data/interim/negative/esc50/1-61261-A-44.wav,72000,80000,0,negative,esc50,negative/esc50/1-61261-A-44,,train
713,data/interim/negative/esc50/2-101676-A-10.wav,0,16000,0,negative,esc50,negative/esc50/2-101676-A-10,,train
714,data/interim/negative/esc50/2-101676-A-10.wav,8000,24000,0,negative,esc50,negative/esc50/2-101676-A-10,,train
715,data/interim/negative/esc50/2-101676-A-10.wav,16000,32000,0,negative,esc50,negative/esc50/2-101676-A-10,,train
716,data/interim/negative/esc50/2-101676-A-10.wav,24000,40000,0,negative,esc50,negative/esc50/2-101676-A-10,,train
717,data/interim/negative/esc50/2-101676-A-10.wav,32000,48000,0,negative,esc50,negative/esc50/2-101676-A-10,,train
718,data/interim/negative/esc50/2-101676-A-10.wav,40000,56000,0,negative,esc50,negative/esc50/2-101676-A-10,,train
719,data/interim/negative/esc50/2-101676-A-10.wav,48000,64000,0,negative,esc50,negative/esc50/2-101676-A-10,,train
720,data/interim/negative/esc50/2-101676-A-10.wav,56000,72000,0,negative,esc50,negative/esc50/2-101676-A-10,,train
721,data/interim/negative/esc50/2-101676-A-10.wav,64000,80000,0,negative,esc50,negative/esc50/2-101676-A-10,,train
722,data/interim/negative/esc50/2-101676-A-10.wav,72000,80000,0,negative,esc50,negative/esc50/2-101676-A-10,,train
723,data/interim/negative/esc50/2-106487-A-44.wav,0,16000,0,negative,esc50,negative/esc50/2-106487-A-44,,train
724,data/interim/negative/esc50/2-106487-A-44.wav,8000,24000,0,negative,esc50,negative/esc50/2-106487-A-44,,train
725,data/interim/negative/esc50/2-106487-A-44.wav,16000,32000,0,negative,esc50,negative/esc50/2-106487-A-44,,train
726,data/interim/negative/esc50/2-106487-A-44.wav,24000,40000,0,negative,esc50,negative/esc50/2-106487-A-44,,train
727,data/interim/negative/esc50/2-106487-A-44.wav,32000,48000,0,negative,esc50,negative/esc50/2-106487-A-44,,train
728,data/interim/negative/esc50/2-106487-A-44.wav,40000,56000,0,negative,esc50,negative/esc50/2-106487-A-44,,train
729,data/interim/negative/esc50/2-106487-A-44.wav,48000,64000,0,negative,esc50,negative/esc50/2-106487-A-44,,train
730,data/interim/negative/esc50/2-106487-A-44.wav,56000,72000,0,negative,esc50,negative/esc50/2-106487-A-44,,train
731,data/interim/negative/esc50/2-106487-A-44.wav,64000,80000,0,negative,esc50,negative/esc50/2-106487-A-44,,train
732,data/interim/negative/esc50/2-106487-A-44.wav,72000,80000,0,negative,esc50,negative/esc50/2-106487-A-44,,train
733,data/interim/negative/esc50/2-109371-D-16.wav,0,16000,0,negative,esc50,negative/esc50/2-109371-D-16,,train
734,data/interim/negative/esc50/2-109371-D-16.wav,8000,24000,0,negative,esc50,negative/esc50/2-109371-D-16,,train
735,data/interim/negative/esc50/2-109371-D-16.wav,16000,32000,0,negative,esc50,negative/esc50/2-109371-D-16,,train
736,data/interim/negative/esc50/2-109371-D-16.wav,24000,40000,0,negative,esc50,negative/esc50/2-109371-D-16,,train
737,data/interim/negative/esc50/2-109371-D-16.wav,32000,48000,0,negative,esc50,negative/esc50/2-109371-D-16,,train
738,data/interim/negative/esc50/2-109371-D-16.wav,40000,56000,0,negative,esc50,negative/esc50/2-109371-D-16,,train
739,data/interim/negative/esc50/2-109371-D-16.wav,48000,64000,0,negative,esc50,negative/esc50/2-109371-D-16,,train
740,data/interim/negative/esc50/2-109371-D-16.wav,56000,72000,0,negative,esc50,negative/esc50/2-109371-D-16,,train
741,data/interim/negative/esc50/2-109371-D-16.wav,64000,80000,0,negative,esc50,negative/esc50/2-109371-D-16,,train
742,data/interim/negative/esc50/2-109371-D-16.wav,72000,80000,0,negative,esc50,negative/esc50/2-109371-D-16,,train
753,data/interim/negative/esc50/2-144137-A-43.wav,0,16000,0,negative,esc50,negative/esc50/2-144137-A-43,,train
754,data/interim/negative/esc50/2-144137-A-43.wav,8000,24000,0,negative,esc50,negative/esc50/2-144137-A-43,,train
755,data/interim/negative/esc50/2-144137-A-43.wav,16000,32000,0,negative,esc50,negative/esc50/2-144137-A-43,,train
756,data/interim/negative/esc50/2-144137-A-43.wav,24000,40000,0,negative,esc50,negative/esc50/2-144137-A-43,,train
757,data/interim/negative/esc50/2-144137-A-43.wav,32000,48000,0,negative,esc50,negative/esc50/2-144137-A-43,,train
758,data/interim/negative/esc50/2-144137-A-43.wav,40000,56000,0,negative,esc50,negative/esc50/2-144137-A-43,,train
759,data/interim/negative/esc50/2-144137-A-43.wav,48000,64000,0,negative,esc50,negative/esc50/2-144137-A-43,,train
760,data/interim/negative/esc50/2-144137-A-43.wav,56000,72000,0,negative,esc50,negative/esc50/2-144137-A-43,,train
761,data/interim/negative/esc50/2-144137-A-43.wav,64000,80000,0,negative,esc50,negative/esc50/2-144137-A-43,,train
762,data/interim/negative/esc50/2-144137-A-43.wav,72000,80000,0,negative,esc50,negative/esc50/2-144137-A-43,,train
783,data/interim/negative/esc50/2-209477-A-25.wav,0,16000,0,negative,esc50,negative/esc50/2-209477-A-25,,train
784,data/interim/negative/esc50/2-209477-A-25.wav,8000,24000,0,negative,esc50,negative/esc50/2-209477-A-25,,train
785,data/interim/negative/esc50/2-209477-A-25.wav,16000,32000,0,negative,esc50,negative/esc50/2-209477-A-25,,train
786,data/interim/negative/esc50/2-209477-A-25.wav,24000,40000,0,negative,esc50,negative/esc50/2-209477-A-25,,train
787,data/interim/negative/esc50/2-209477-A-25.wav,32000,48000,0,negative,esc50,negative/esc50/2-209477-A-25,,train
788,data/interim/negative/esc50/2-209477-A-25.wav,40000,56000,0,negative,esc50,negative/esc50/2-209477-A-25,,train
789,data/interim/negative/esc50/2-209477-A-25.wav,48000,64000,0,negative,esc50,negative/esc50/2-209477-A-25,,train
790,data/interim/negative/esc50/2-209477-A-25.wav,56000,72000,0,negative,esc50,negative/esc50/2-209477-A-25,,train
791,data/interim/negative/esc50/2-209477-A-25.wav,64000,80000,0,negative,esc50,negative/esc50/2-209477-A-25,,train
792,data/interim/negative/esc50/2-209477-A-25.wav,72000,80000,0,negative,esc50,negative/esc50/2-209477-A-25,,train
793,data/interim/negative/esc50/2-209478-A-25.wav,0,16000,0,negative,esc50,negative/esc50/2-209478-A-25,,train
794,data/interim/negative/esc50/2-209478-A-25.wav,8000,24000,0,negative,esc50,negative/esc50/2-209478-A-25,,train
795,data/interim/negative/esc50/2-209478-A-25.wav,16000,32000,0,negative,esc50,negative/esc50/2-209478-A-25,,train
796,data/interim/negative/esc50/2-209478-A-25.wav,24000,40000,0,negative,esc50,negative/esc50/2-209478-A-25,,train
797,data/interim/negative/esc50/2-209478-A-25.wav,32000,48000,0,negative,esc50,negative/esc50/2-209478-A-25,,train
798,data/interim/negative/esc50/2-209478-A-25.wav,40000,56000,0,negative,esc50,negative/esc50/2-209478-A-25,,train
799,data/interim/negative/esc50/2-209478-A-25.wav,48000,64000,0,negative,esc50,negative/esc50/2-209478-A-25,,train
800,data/interim/negative/esc50/2-209478-A-25.wav,56000,72000,0,negative,esc50,negative/esc50/2-209478-A-25,,train
801,data/interim/negative/esc50/2-209478-A-25.wav,64000,80000,0,negative,esc50,negative/esc50/2-209478-A-25,,train
802,data/interim/negative/esc50/2-209478-A-25.wav,72000,80000,0,negative,esc50,negative/esc50/2-209478-A-25,,train
803,data/interim/negative/esc50/2-96033-A-13.wav,0,16000,0,negative,esc50,negative/esc50/2-96033-A-13,,train
804,data/interim/negative/esc50/2-96033-A-13.wav,8000,24000,0,negative,esc50,negative/esc50/2-96033-A-13,,train
805,data/interim/negative/esc50/2-96033-A-13.wav,16000,32000,0,negative,esc50,negative/esc50/2-96033-A-13,,train
806,data/interim/negative/esc50/2-96033-A-13.wav,24000,40000,0,negative,esc50,negative/esc50/2-96033-A-13,,train
807,data/interim/negative/esc50/2-96033-A-13.wav,32000,48000,0,negative,esc50,negative/esc50/2-96033-A-13,,train
808,data/interim/negative/esc50/2-96033-A-13.wav,40000,56000,0,negative,esc50,negative/esc50/2-96033-A-13,,train
809,data/interim/negative/esc50/2-96033-A-13.wav,48000,64000,0,negative,esc50,negative/esc50/2-96033-A-13,,train
810,data/interim/negative/esc50/2-96033-A-13.wav,56000,72000,0,negative,esc50,negative/esc50/2-96033-A-13,,train
811,data/interim/negative/esc50/2-96033-A-13.wav,64000,80000,0,negative,esc50,negative/esc50/2-96033-A-13,,train
812,data/interim/negative/esc50/2-96033-A-13.wav,72000,80000,0,negative,esc50,negative/esc50/2-96033-A-13,,train
813,data/interim/negative/esc50/2-98866-A-47.wav,0,16000,0,negative,esc50,negative/esc50/2-98866-A-47,,train
814,data/interim/negative/esc50/2-98866-A-47.wav,8000,24000,0,negative,esc50,negative/esc50/2-98866-A-47,,train
815,data/interim/negative/esc50/2-98866-A-47.wav,16000,32000,0,negative,esc50,negative/esc50/2-98866-A-47,,train
816,data/interim/negative/esc50/2-98866-A-47.wav,24000,40000,0,negative,esc50,negative/esc50/2-98866-A-47,,train
817,data/interim/negative/esc50/2-98866-A-47.wav,32000,48000,0,negative,esc50,negative/esc50/2-98866-A-47,,train
818,data/interim/negative/esc50/2-98866-A-47.wav,40000,56000,0,negative,esc50,negative/esc50/2-98866-A-47,,train
819,data/interim/negative/esc50/2-98866-A-47.wav,48000,64000,0,negative,esc50,negative/esc50/2-98866-A-47,,train
820,data/interim/negative/esc50/2-98866-A-47.wav,56000,72000,0,negative,esc50,negative/esc50/2-98866-A-47,,train
821,data/interim/negative/esc50/2-98866-A-47.wav,64000,80000,0,negative,esc50,negative/esc50/2-98866-A-47,,train
822,data/interim/negative/esc50/2-98866-A-47.wav,72000,80000,0,negative,esc50,negative/esc50/2-98866-A-47,,train
823,data/interim/negative/esc50/3-129678-A-13.wav,0,16000,0,negative,esc50,negative/esc50/3-129678-A-13,,train
824,data/interim/negative/esc50/3-129678-A-13.wav,8000,24000,0,negative,esc50,negative/esc50/3-129678-A-13,,train
825,data/interim/negative/esc50/3-129678-A-13.wav,16000,32000,0,negative,esc50,negative/esc50/3-129678-A-13,,train
826,data/interim/negative/esc50/3-129678-A-13.wav,24000,40000,0,negative,esc50,negative/esc50/3-129678-A-13,,train
827,data/interim/negative/esc50/3-129678-A-13.wav,32000,48000,0,negative,esc50,negative/esc50/3-129678-A-13,,train
828,data/interim/negative/esc50/3-129678-A-13.wav,40000,56000,0,negative,esc50,negative/esc50/3-129678-A-13,,train
829,data/interim/negative/esc50/3-129678-A-13.wav,48000,64000,0,negative,esc50,negative/esc50/3-129678-A-13,,train
830,data/interim/negative/esc50/3-129678-A-13.wav,56000,72000,0,negative,esc50,negative/esc50/3-129678-A-13,,train
831,data/interim/negative/esc50/3-129678-A-13.wav,64000,80000,0,negative,esc50,negative/esc50/3-129678-A-13,,train
832,data/interim/negative/esc50/3-129678-A-13.wav,72000,80000,0,negative,esc50,negative/esc50/3-129678-A-13,,train
833,data/interim/negative/esc50/3-141559-A-45.wav,0,16000,0,negative,esc50,negative/esc50/3-141559-A-45,,train
834,data/interim/negative/esc50/3-141559-A-45.wav,8000,24000,0,negative,esc50,negative/esc50/3-141559-A-45,,train
835,data/interim/negative/esc50/3-141559-A-45.wav,16000,32000,0,negative,esc50,negative/esc50/3-141559-A-45,,train
836,data/interim/negative/esc50/3-141559-A-45.wav,24000,40000,0,negative,esc50,negative/esc50/3-141559-A-45,,train
837,data/interim/negative/esc50/3-141559-A-45.wav,32000,48000,0,negative,esc50,negative/esc50/3-141559-A-45,,train
838,data/interim/negative/esc50/3-141559-A-45.wav,40000,56000,0,negative,esc50,negative/esc50/3-141559-A-45,,train
839,data/interim/negative/esc50/3-141559-A-45.wav,48000,64000,0,negative,esc50,negative/esc50/3-141559-A-45,,train
840,data/interim/negative/esc50/3-141559-A-45.wav,56000,72000,0,negative,esc50,negative/esc50/3-141559-A-45,,train
841,data/interim/negative/esc50/3-141559-A-45.wav,64000,80000,0,negative,esc50,negative/esc50/3-141559-A-45,,train
842,data/interim/negative/esc50/3-141559-A-45.wav,72000,80000,0,negative,esc50,negative/esc50/3-141559-A-45,,train
853,data/interim/negative/esc50/3-155234-A-43.wav,0,16000,0,negative,esc50,negative/esc50/3-155234-A-43,,train
854,data/interim/negative/esc50/3-155234-A-43.wav,8000,24000,0,negative,esc50,negative/esc50/3-155234-A-43,,train
855,data/interim/negative/esc50/3-155234-A-43.wav,16000,32000,0,negative,esc50,negative/esc50/3-155234-A-43,,train
856,data/interim/negative/esc50/3-155234-A-43.wav,24000,40000,0,negative,esc50,negative/esc50/3-155234-A-43,,train
857,data/interim/negative/esc50/3-155234-A-43.wav,32000,48000,0,negative,esc50,negative/esc50/3-155234-A-43,,train
858,data/interim/negative/esc50/3-155234-A-43.wav,40000,56000,0,negative,esc50,negative/esc50/3-155234-A-43,,train
859,data/interim/negative/esc50/3-155234-A-43.wav,48000,64000,0,negative,esc50,negative/esc50/3-155234-A-43,,train
860,data/interim/negative/esc50/3-155234-A-43.wav,56000,72000,0,negative,esc50,negative/esc50/3-155234-A-43,,train
861,data/interim/negative/esc50/3-155234-A-43.wav,64000,80000,0,negative,esc50,negative/esc50/3-155234-A-43,,train
862,data/interim/negative/esc50/3-155234-A-43.wav,72000,80000,0,negative,esc50,negative/esc50/3-155234-A-43,,train
873,data/interim/negative/esc50/3-157149-A-10.wav,0,16000,0,negative,esc50,negative/esc50/3-157149-A-10,,train
874,data/interim/negative/esc50/3-157149-A-10.wav,8000,24000,0,negative,esc50,negative/esc50/3-157149-A-10,,train
875,data/interim/negative/esc50/3-157149-A-10.wav,16000,32000,0,negative,esc50,negative/esc50/3-157149-A-10,,train
876,data/interim/negative/esc50/3-157149-A-10.wav,24000,40000,0,negative,esc50,negative/esc50/3-157149-A-10,,train
877,data/interim/negative/esc50/3-157149-A-10.wav,32000,48000,0,negative,esc50,negative/esc50/3-157149-A-10,,train
878,data/interim/negative/esc50/3-157149-A-10.wav,40000,56000,0,negative,esc50,negative/esc50/3-157149-A-10,,train
879,data/interim/negative/esc50/3-157149-A-10.wav,48000,64000,0,negative,esc50,negative/esc50/3-157149-A-10,,train
880,data/interim/negative/esc50/3-157149-A-10.wav,56000,72000,0,negative,esc50,negative/esc50/3-157149-A-10,,train
881,data/interim/negative/esc50/3-157149-A-10.wav,64000,80000,0,negative,esc50,negative/esc50/3-157149-A-10,,train
882,data/interim/negative/esc50/3-157149-A-10.wav,72000,80000,0,negative,esc50,negative/esc50/3-157149-A-10,,train
883,data/interim/negative/esc50/3-157492-A-45.wav,0,16000,0,negative,esc50,negative/esc50/3-157492-A-45,,train
884,data/interim/negative/esc50/3-157492-A-45.wav,8000,24000,0,negative,esc50,negative/esc50/3-157492-A-45,,train
885,data/interim/negative/esc50/3-157492-A-45.wav,16000,32000,0,negative,esc50,negative/esc50/3-157492-A-45,,train
886,data/interim/negative/esc50/3-157492-A-45.wav,24000,40000,0,negative,esc50,negative/esc50/3-157492-A-45,,train
887,data/interim/negative/esc50/3-157492-A-45.wav,32000,48000,0,negative,esc50,negative/esc50/3-157492-A-45,,train
888,data/interim/negative/esc50/3-157492-A-45.wav,40000,56000,0,negative,esc50,negative/esc50/3-157492-A-45,,train
889,data/interim/negative/esc50/3-157492-A-45.wav,48000,64000,0,negative,esc50,negative/esc50/3-157492-A-45,,train
890,data/interim/negative/esc50/3-157492-A-45.wav,56000,72000,0,negative,esc50,negative/esc50/3-157492-A-45,,train
891,data/interim/negative/esc50/3-157492-A-45.wav,64000,80000,0,negative,esc50,negative/esc50/3-157492-A-45,,train
892,data/interim/negative/esc50/3-157492-A-45.wav,72000,80000,0,negative,esc50,negative/esc50/3-157492-A-45,,train
893,data/interim/negative/esc50/3-162786-A-13.wav,0,16000,0,negative,esc50,negative/esc50/3-162786-A-13,,train
894,data/interim/negative/esc50/3-162786-A-13.wav,8000,24000,0,negative,esc50,negative/esc50/3-162786-A-13,,train
895,data/interim/negative/esc50/3-162786-A-13.wav,16000,32000,0,negative,esc50,negative/esc50/3-162786-A-13,,train
896,data/interim/negative/esc50/3-162786-A-13.wav,24000,40000,0,negative,esc50,negative/esc50/3-162786-A-13,,train
897,data/interim/negative/esc50/3-162786-A-13.wav,32000,48000,0,negative,esc50,negative/esc50/3-162786-A-13,,train
898,data/interim/negative/esc50/3-162786-A-13.wav,40000,56000,0,negative,esc50,negative/esc50/3-162786-A-13,,train
899,data/interim/negative/esc50/3-162786-A-13.wav,48000,64000,0,negative,esc50,negative/esc50/3-162786-A-13,,train
900,data/interim/negative/esc50/3-162786-A-13.wav,56000,72000,0,negative,esc50,negative/esc50/3-162786-A-13,,train
901,data/interim/negative/esc50/3-162786-A-13.wav,64000,80000,0,negative,esc50,negative/esc50/3-162786-A-13,,train
902,data/interim/negative/esc50/3-162786-A-13.wav,72000,80000,0,negative,esc50,negative/esc50/3-162786-A-13,,train
903,data/interim/negative/esc50/3-163607-A-13.wav,0,16000,0,negative,esc50,negative/esc50/3-163607-A-13,,train
904,data/interim/negative/esc50/3-163607-A-13.wav,8000,24000,0,negative,esc50,negative/esc50/3-163607-A-13,,train
905,data/interim/negative/esc50/3-163607-A-13.wav,16000,32000,0,negative,esc50,negative/esc50/3-163607-A-13,,train
906,data/interim/negative/esc50/3-163607-A-13.wav,24000,40000,0,negative,esc50,negative/esc50/3-163607-A-13,,train
907,data/interim/negative/esc50/3-163607-A-13.wav,32000,48000,0,negative,esc50,negative/esc50/3-163607-A-13,,train
908,data/interim/negative/esc50/3-163607-A-13.wav,40000,56000,0,negative,esc50,negative/esc50/3-163607-A-13,,train
909,data/interim/negative/esc50/3-163607-A-13.wav,48000,64000,0,negative,esc50,negative/esc50/3-163607-A-13,,train
910,data/interim/negative/esc50/3-163607-A-13.wav,56000,72000,0,negative,esc50,negative/esc50/3-163607-A-13,,train
911,data/interim/negative/esc50/3-163607-A-13.wav,64000,80000,0,negative,esc50,negative/esc50/3-163607-A-13,,train
912,data/interim/negative/esc50/3-163607-A-13.wav,72000,80000,0,negative,esc50,negative/esc50/3-163607-A-13,,train
913,data/interim/negative/esc50/3-193767-A-47.wav,0,16000,0,negative,esc50,negative/esc50/3-193767-A-47,,train
914,data/interim/negative/esc50/3-193767-A-47.wav,8000,24000,0,negative,esc50,negative/esc50/3-193767-A-47,,train
915,data/interim/negative/esc50/3-193767-A-47.wav,16000,32000,0,negative,esc50,negative/esc50/3-193767-A-47,,train
916,data/interim/negative/esc50/3-193767-A-47.wav,24000,40000,0,negative,esc50,negative/esc50/3-193767-A-47,,train
917,data/interim/negative/esc50/3-193767-A-47.wav,32000,48000,0,negative,esc50,negative/esc50/3-193767-A-47,,train
918,data/interim/negative/esc50/3-193767-A-47.wav,40000,56000,0,negative,esc50,negative/esc50/3-193767-A-47,,train
919,data/interim/negative/esc50/3-193767-A-47.wav,48000,64000,0,negative,esc50,negative/esc50/3-193767-A-47,,train
920,data/interim/negative/esc50/3-193767-A-47.wav,56000,72000,0,negative,esc50,negative/esc50/3-193767-A-47,,train
921,data/interim/negative/esc50/3-193767-A-47.wav,64000,80000,0,negative,esc50,negative/esc50/3-193767-A-47,,train
922,data/interim/negative/esc50/3-193767-A-47.wav,72000,80000,0,negative,esc50,negative/esc50/3-193767-A-47,,train
933,data/interim/negative/esc50/3-94344-A-25.wav,0,16000,0,negative,esc50,negative/esc50/3-94344-A-25,,train
934,data/interim/negative/esc50/3-94344-A-25.wav,8000,24000,0,negative,esc50,negative/esc50/3-94344-A-25,,train
935,data/interim/negative/esc50/3-94344-A-25.wav,16000,32000,0,negative,esc50,negative/esc50/3-94344-A-25,,train
936,data/interim/negative/esc50/3-94344-A-25.wav,24000,40000,0,negative,esc50,negative/esc50/3-94344-A-25,,train
937,data/interim/negative/esc50/3-94344-A-25.wav,32000,48000,0,negative,esc50,negative/esc50/3-94344-A-25,,train
938,data/interim/negative/esc50/3-94344-A-25.wav,40000,56000,0,negative,esc50,negative/esc50/3-94344-A-25,,train
939,data/interim/negative/esc50/3-94344-A-25.wav,48000,64000,0,negative,esc50,negative/esc50/3-94344-A-25,,train
940,data/interim/negative/esc50/3-94344-A-25.wav,56000,72000,0,negative,esc50,negative/esc50/3-94344-A-25,,train
941,data/interim/negative/esc50/3-94344-A-25.wav,64000,80000,0,negative,esc50,negative/esc50/3-94344-A-25,,train
942,data/interim/negative/esc50/3-94344-A-25.wav,72000,80000,0,negative,esc50,negative/esc50/3-94344-A-25,,train
963,data/interim/negative/esc50/4-163606-A-16.wav,0,16000,0,negative,esc50,negative/esc50/4-163606-A-16,,train
964,data/interim/negative/esc50/4-163606-A-16.wav,8000,24000,0,negative,esc50,negative/esc50/4-163606-A-16,,train
965,data/interim/negative/esc50/4-163606-A-16.wav,16000,32000,0,negative,esc50,negative/esc50/4-163606-A-16,,train
966,data/interim/negative/esc50/4-163606-A-16.wav,24000,40000,0,negative,esc50,negative/esc50/4-163606-A-16,,train
967,data/interim/negative/esc50/4-163606-A-16.wav,32000,48000,0,negative,esc50,negative/esc50/4-163606-A-16,,train
968,data/interim/negative/esc50/4-163606-A-16.wav,40000,56000,0,negative,esc50,negative/esc50/4-163606-A-16,,train
969,data/interim/negative/esc50/4-163606-A-16.wav,48000,64000,0,negative,esc50,negative/esc50/4-163606-A-16,,train
970,data/interim/negative/esc50/4-163606-A-16.wav,56000,72000,0,negative,esc50,negative/esc50/4-163606-A-16,,train
971,data/interim/negative/esc50/4-163606-A-16.wav,64000,80000,0,negative,esc50,negative/esc50/4-163606-A-16,,train
972,data/interim/negative/esc50/4-163606-A-16.wav,72000,80000,0,negative,esc50,negative/esc50/4-163606-A-16,,train
973,data/interim/negative/esc50/4-163608-B-16.wav,0,16000,0,negative,esc50,negative/esc50/4-163608-B-16,,train
974,data/interim/negative/esc50/4-163608-B-16.wav,8000,24000,0,negative,esc50,negative/esc50/4-163608-B-16,,train
975,data/interim/negative/esc50/4-163608-B-16.wav,16000,32000,0,negative,esc50,negative/esc50/4-163608-B-16,,train
976,data/interim/negative/esc50/4-163608-B-16.wav,24000,40000,0,negative,esc50,negative/esc50/4-163608-B-16,,train
977,data/interim/negative/esc50/4-163608-B-16.wav,32000,48000,0,negative,esc50,negative/esc50/4-163608-B-16,,train
978,data/interim/negative/esc50/4-163608-B-16.wav,40000,56000,0,negative,esc50,negative/esc50/4-163608-B-16,,train
979,data/interim/negative/esc50/4-163608-B-16.wav,48000,64000,0,negative,esc50,negative/esc50/4-163608-B-16,,train
980,data/interim/negative/esc50/4-163608-B-16.wav,56000,72000,0,negative,esc50,negative/esc50/4-163608-B-16,,train
981,data/interim/negative/esc50/4-163608-B-16.wav,64000,80000,0,negative,esc50,negative/esc50/4-163608-B-16,,train
982,data/interim/negative/esc50/4-163608-B-16.wav,72000,80000,0,negative,esc50,negative/esc50/4-163608-B-16,,train
993,data/interim/negative/esc50/4-165933-A-45.wav,0,16000,0,negative,esc50,negative/esc50/4-165933-A-45,,train
994,data/interim/negative/esc50/4-165933-A-45.wav,8000,24000,0,negative,esc50,negative/esc50/4-165933-A-45,,train
995,data/interim/negative/esc50/4-165933-A-45.wav,16000,32000,0,negative,esc50,negative/esc50/4-165933-A-45,,train
996,data/interim/negative/esc50/4-165933-A-45.wav,24000,40000,0,negative,esc50,negative/esc50/4-165933-A-45,,train
997,data/interim/negative/esc50/4-165933-A-45.wav,32000,48000,0,negative,esc50,negative/esc50/4-165933-A-45,,train
998,data/interim/negative/esc50/4-165933-A-45.wav,40000,56000,0,negative,esc50,negative/esc50/4-165933-A-45,,train
999,data/interim/negative/esc50/4-165933-A-45.wav,48000,64000,0,negative,esc50,negative/esc50/4-165933-A-45,,train
1000,data/interim/negative/esc50/4-165933-A-45.wav,56000,72000,0,negative,esc50,negative/esc50/4-165933-A-45,,train
1001,data/interim/negative/esc50/4-165933-A-45.wav,64000,80000,0,negative,esc50,negative/esc50/4-165933-A-45,,train
1002,data/interim/negative/esc50/4-165933-A-45.wav,72000,80000,0,negative,esc50,negative/esc50/4-165933-A-45,,train
1013,data/interim/negative/esc50/4-177250-A-10.wav,0,16000,0,negative,esc50,negative/esc50/4-177250-A-10,,train
1014,data/interim/negative/esc50/4-177250-A-10.wav,8000,24000,0,negative,esc50,negative/esc50/4-177250-A-10,,train
1015,data/interim/negative/esc50/4-177250-A-10.wav,16000,32000,0,negative,esc50,negative/esc50/4-177250-A-10,,train
1016,data/interim/negative/esc50/4-177250-A-10.wav,24000,40000,0,negative,esc50,negative/esc50/4-177250-A-10,,train
1017,data/interim/negative/esc50/4-177250-A-10.wav,32000,48000,0,negative,esc50,negative/esc50/4-177250-A-10,,train
1018,data/interim/negative/esc50/4-177250-A-10.wav,40000,56000,0,negative,esc50,negative/esc50/4-177250-A-10,,train
1019,data/interim/negative/esc50/4-177250-A-10.wav,48000,64000,0,negative,esc50,negative/esc50/4-177250-A-10,,train
1020,data/interim/negative/esc50/4-177250-A-10.wav,56000,72000,0,negative,esc50,negative/esc50/4-177250-A-10,,train
1021,data/interim/negative/esc50/4-177250-A-10.wav,64000,80000,0,negative,esc50,negative/esc50/4-177250-A-10,,train
1022,data/interim/negative/esc50/4-177250-A-10.wav,72000,80000,0,negative,esc50,negative/esc50/4-177250-A-10,,train
1023,data/interim/negative/esc50/4-178402-A-43.wav,0,16000,0,negative,esc50,negative/esc50/4-178402-A-43,,train
1024,data/interim/negative/esc50/4-178402-A-43.wav,8000,24000,0,negative,esc50,negative/esc50/4-178402-A-43,,train
1025,data/interim/negative/esc50/4-178402-A-43.wav,16000,32000,0,negative,esc50,negative/esc50/4-178402-A-43,,train
1026,data/interim/negative/esc50/4-178402-A-43.wav,24000,40000,0,negative,esc50,negative/esc50/4-178402-A-43,,train
1027,data/interim/negative/esc50/4-178402-A-43.wav,32000,48000,0,negative,esc50,negative/esc50/4-178402-A-43,,train
1028,data/interim/negative/esc50/4-178402-A-43.wav,40000,56000,0,negative,esc50,negative/esc50/4-178402-A-43,,train
1029,data/interim/negative/esc50/4-178402-A-43.wav,48000,64000,0,negative,esc50,negative/esc50/4-178402-A-43,,train
1030,data/interim/negative/esc50/4-178402-A-43.wav,56000,72000,0,negative,esc50,negative/esc50/4-178402-A-43,,train
1031,data/interim/negative/esc50/4-178402-A-43.wav,64000,80000,0,negative,esc50,negative/esc50/4-178402-A-43,,train
1032,data/interim/negative/esc50/4-178402-A-43.wav,72000,80000,0,negative,esc50,negative/esc50/4-178402-A-43,,train
1033,data/interim/negative/esc50/4-186940-A-44.wav,0,16000,0,negative,esc50,negative/esc50/4-186940-A-44,,train
1034,data/interim/negative/esc50/4-186940-A-44.wav,8000,24000,0,negative,esc50,negative/esc50/4-186940-A-44,,train
1035,data/interim/negative/esc50/4-186940-A-44.wav,16000,32000,0,negative,esc50,negative/esc50/4-186940-A-44,,train
1036,data/interim/negative/esc50/4-186940-A-44.wav,24000,40000,0,negative,esc50,negative/esc50/4-186940-A-44,,train
1037,data/interim/negative/esc50/4-186940-A-44.wav,32000,48000,0,negative,esc50,negative/esc50/4-186940-A-44,,train
1038,data/interim/negative/esc50/4-186940-A-44.wav,40000,56000,0,negative,esc50,negative/esc50/4-186940-A-44,,train
1039,data/interim/negative/esc50/4-186940-A-44.wav,48000,64000,0,negative,esc50,negative/esc50/4-186940-A-44,,train
1040,data/interim/negative/esc50/4-186940-A-44.wav,56000,72000,0,negative,esc50,negative/esc50/4-186940-A-44,,train
1041,data/interim/negative/esc50/4-186940-A-44.wav,64000,80000,0,negative,esc50,negative/esc50/4-186940-A-44,,train
1042,data/interim/negative/esc50/4-186940-A-44.wav,72000,80000,0,negative,esc50,negative/esc50/4-186940-A-44,,train
1053,data/interim/negative/esc50/5-157204-B-16.wav,0,16000,0,negative,esc50,negative/esc50/5-157204-B-16,,train
1054,data/interim/negative/esc50/5-157204-B-16.wav,8000,24000,0,negative,esc50,negative/esc50/5-157204-B-16,,train
1055,data/interim/negative/esc50/5-157204-B-16.wav,16000,32000,0,negative,esc50,negative/esc50/5-157204-B-16,,train
1056,data/interim/negative/esc50/5-157204-B-16.wav,24000,40000,0,negative,esc50,negative/esc50/5-157204-B-16,,train
1057,data/interim/negative/esc50/5-157204-B-16.wav,32000,48000,0,negative,esc50,negative/esc50/5-157204-B-16,,train
1058,data/interim/negative/esc50/5-157204-B-16.wav,40000,56000,0,negative,esc50,negative/esc50/5-157204-B-16,,train
1059,data/interim/negative/esc50/5-157204-B-16.wav,48000,64000,0,negative,esc50,negative/esc50/5-157204-B-16,,train
1060,data/interim/negative/esc50/5-157204-B-16.wav,56000,72000,0,negative,esc50,negative/esc50/5-157204-B-16,,train
1061,data/interim/negative/esc50/5-157204-B-16.wav,64000,80000,0,negative,esc50,negative/esc50/5-157204-B-16,,train
1062,data/interim/negative/esc50/5-157204-B-16.wav,72000,80000,0,negative,esc50,negative/esc50/5-157204-B-16,,train
1063,data/interim/negative/esc50/5-177957-B-40.wav,0,16000,0,negative,esc50,negative/esc50/5-177957-B-40,,train
1064,data/interim/negative/esc50/5-177957-B-40.wav,8000,24000,0,negative,esc50,negative/esc50/5-177957-B-40,,train
1065,data/interim/negative/esc50/5-177957-B-40.wav,16000,32000,0,negative,esc50,negative/esc50/5-177957-B-40,,train
1066,data/interim/negative/esc50/5-177957-B-40.wav,24000,40000,0,negative,esc50,negative/esc50/5-177957-B-40,,train
1067,data/interim/negative/esc50/5-177957-B-40.wav,32000,48000,0,negative,esc50,negative/esc50/5-177957-B-40,,train
1068,data/interim/negative/esc50/5-177957-B-40.wav,40000,56000,0,negative,esc50,negative/esc50/5-177957-B-40,,train
1069,data/interim/negative/esc50/5-177957-B-40.wav,48000,64000,0,negative,esc50,negative/esc50/5-177957-B-40,,train
1070,data/interim/negative/esc50/5-177957-B-40.wav,56000,72000,0,negative,esc50,negative/esc50/5-177957-B-40,,train
1071,data/interim/negative/esc50/5-177957-B-40.wav,64000,80000,0,negative,esc50,negative/esc50/5-177957-B-40,,train
1072,data/interim/negative/esc50/5-177957-B-40.wav,72000,80000,0,negative,esc50,negative/esc50/5-177957-B-40,,train
1083,data/interim/negative/esc50/5-197121-B-45.wav,0,16000,0,negative,esc50,negative/esc50/5-197121-B-45,,train
1084,data/interim/negative/esc50/5-197121-B-45.wav,8000,24000,0,negative,esc50,negative/esc50/5-197121-B-45,,train
1085,data/interim/negative/esc50/5-197121-B-45.wav,16000,32000,0,negative,esc50,negative/esc50/5-197121-B-45,,train
1086,data/interim/negative/esc50/5-197121-B-45.wav,24000,40000,0,negative,esc50,negative/esc50/5-197121-B-45,,train
1087,data/interim/negative/esc50/5-197121-B-45.wav,32000,48000,0,negative,esc50,negative/esc50/5-197121-B-45,,train
1088,data/interim/negative/esc50/5-197121-B-45.wav,40000,56000,0,negative,esc50,negative/esc50/5-197121-B-45,,train
1089,data/interim/negative/esc50/5-197121-B-45.wav,48000,64000,0,negative,esc50,negative/esc50/5-197121-B-45,,train
1090,data/interim/negative/esc50/5-197121-B-45.wav,56000,72000,0,negative,esc50,negative/esc50/5-197121-B-45,,train
1091,data/interim/negative/esc50/5-197121-B-45.wav,64000,80000,0,negative,esc50,negative/esc50/5-197121-B-45,,train
1092,data/interim/negative/esc50/5-197121-B-45.wav,72000,80000,0,negative,esc50,negative/esc50/5-197121-B-45,,train
1113,data/interim/negative/esc50/5-216214-A-13.wav,0,16000,0,negative,esc50,negative/esc50/5-216214-A-13,,train
1114,data/interim/negative/esc50/5-216214-A-13.wav,8000,24000,0,negative,esc50,negative/esc50/5-216214-A-13,,train
1115,data/interim/negative/esc50/5-216214-A-13.wav,16000,32000,0,negative,esc50,negative/esc50/5-216214-A-13,,train
1116,data/interim/negative/esc50/5-216214-A-13.wav,24000,40000,0,negative,esc50,negative/esc50/5-216214-A-13,,train
1117,data/interim/negative/esc50/5-216214-A-13.wav,32000,48000,0,negative,esc50,negative/esc50/5-216214-A-13,,train
1118,data/interim/negative/esc50/5-216214-A-13.wav,40000,56000,0,negative,esc50,negative/esc50/5-216214-A-13,,train
1119,data/interim/negative/esc50/5-216214-A-13.wav,48000,64000,0,negative,esc50,negative/esc50/5-216214-A-13,,train
1120,data/interim/negative/esc50/5-216214-A-13.wav,56000,72000,0,negative,esc50,negative/esc50/5-216214-A-13,,train
1121,data/interim/negative/esc50/5-216214-A-13.wav,64000,80000,0,negative,esc50,negative/esc50/5-216214-A-13,,train
1122,data/interim/negative/esc50/5-216214-A-13.wav,72000,80000,0,negative,esc50,negative/esc50/5-216214-A-13,,train
1123,data/interim/negative/esc50/5-242490-A-14.wav,0,16000,0,negative,esc50,negative/esc50/5-242490-A-14,,train
1124,data/interim/negative/esc50/5-242490-A-14.wav,8000,24000,0,negative,esc50,negative/esc50/5-242490-A-14,,train
1125,data/interim/negative/esc50/5-242490-A-14.wav,16000,32000,0,negative,esc50,negative/esc50/5-242490-A-14,,train
1126,data/interim/negative/esc50/5-242490-A-14.wav,24000,40000,0,negative,esc50,negative/esc50/5-242490-A-14,,train
1127,data/interim/negative/esc50/5-242490-A-14.wav,32000,48000,0,negative,esc50,negative/esc50/5-242490-A-14,,train
1128,data/interim/negative/esc50/5-242490-A-14.wav,40000,56000,0,negative,esc50,negative/esc50/5-242490-A-14,,train
1129,data/interim/negative/esc50/5-242490-A-14.wav,48000,64000,0,negative,esc50,negative/esc50/5-242490-A-14,,train
1130,data/interim/negative/esc50/5-242490-A-14.wav,56000,72000,0,negative,esc50,negative/esc50/5-242490-A-14,,train
1131,data/interim/negative/esc50/5-242490-A-14.wav,64000,80000,0,negative,esc50,negative/esc50/5-242490-A-14,,train
1132,data/interim/negative/esc50/5-242490-A-14.wav,72000,80000,0,negative,esc50,negative/esc50/5-242490-A-14,,train
1133,data/interim/negative/esc50/5-244310-A-25.wav,0,16000,0,negative,esc50,negative/esc50/5-244310-A-25,,train
1134,data/interim/negative/esc50/5-244310-A-25.wav,8000,24000,0,negative,esc50,negative/esc50/5-244310-A-25,,train
1135,data/interim/negative/esc50/5-244310-A-25.wav,16000,32000,0,negative,esc50,negative/esc50/5-244310-A-25,,train
1136,data/interim/negative/esc50/5-244310-A-25.wav,24000,40000,0,negative,esc50,negative/esc50/5-244310-A-25,,train
1137,data/interim/negative/esc50/5-244310-A-25.wav,32000,48000,0,negative,esc50,negative/esc50/5-244310-A-25,,train
1138,data/interim/negative/esc50/5-244310-A-25.wav,40000,56000,0,negative,esc50,negative/esc50/5-244310-A-25,,train
1139,data/interim/negative/esc50/5-244310-A-25.wav,48000,64000,0,negative,esc50,negative/esc50/5-244310-A-25,,train
1140,data/interim/negative/esc50/5-244310-A-25.wav,56000,72000,0,negative,esc50,negative/esc50/5-244310-A-25,,train
1141,data/interim/negative/esc50/5-244310-A-25.wav,64000,80000,0,negative,esc50,negative/esc50/5-244310-A-25,,train
1142,data/interim/negative/esc50/5-244310-A-25.wav,72000,80000,0,negative,esc50,negative/esc50/5-244310-A-25,,train
1143,data/interim/negative/esc50/5-251963-A-47.wav,0,16000,0,negative,esc50,negative/esc50/5-251963-A-47,,train
1144,data/interim/negative/esc50/5-251963-A-47.wav,8000,24000,0,negative,esc50,negative/esc50/5-251963-A-47,,train
1145,data/interim/negative/esc50/5-251963-A-47.wav,16000,32000,0,negative,esc50,negative/esc50/5-251963-A-47,,train
1146,data/interim/negative/esc50/5-251963-A-47.wav,24000,40000,0,negative,esc50,negative/esc50/5-251963-A-47,,train
1147,data/interim/negative/esc50/5-251963-A-47.wav,32000,48000,0,negative,esc50,negative/esc50/5-251963-A-47,,train
1148,data/interim/negative/esc50/5-251963-A-47.wav,40000,56000,0,negative,esc50,negative/esc50/5-251963-A-47,,train
1149,data/interim/negative/esc50/5-251963-A-47.wav,48000,64000,0,negative,esc50,negative/esc50/5-251963-A-47,,train
1150,data/interim/negative/esc50/5-251963-A-47.wav,56000,72000,0,negative,esc50,negative/esc50/5-251963-A-47,,train
1151,data/interim/negative/esc50/5-251963-A-47.wav,64000,80000,0,negative,esc50,negative/esc50/5-251963-A-47,,train
1152,data/interim/negative/esc50/5-251963-A-47.wav,72000,80000,0,negative,esc50,negative/esc50/5-251963-A-47,,train
